Team,Conference,Conference_Tier,Latitude,Longitude,City,State,Conf_Avg_NET,Conf_Tournament_Rate,Conf_Tourney_Teams_5yr,Conf_Avg_Tournament_Rate_5yr,Conf_Strength_Score,NET Rank,NET_Rank,Win_Pct,Season,RecordID,Conf_Tier_4,BidRate_Pct,Best_NET_Score,Avg_Q1_Wins,Avg_SOS,Tournament_Bids_2026,Total_Bids_5yr,BidRate_5yr_Pct,Tier_Norm_Strength,Tier_Norm_BidRate,Tier_Norm_Q1Wins,Tier_Norm_BestNET,Tier_Norm_Composite,Composite_Raw,Tier_Rank,Tier_Rank_Score,Tier_Strength_Rank,Strength_Amplified,Strength_Multiplied
Coastal Carolina,Sun Belt,Low-Major,33.7953227,-79.0126785,100,,226.1,0.071,4,0.0804,35.4,229,229,0.5806451612903226,2025-26,2025-26-Coastal Carolina,Mid-Major,7.1,64.29,0.07,287.9,1,4,8.04,0.0,0.0,15.56,0.0,0.0,3.89,7,0.0,7,25.0,3540.0
Washington St.,WCC,Mid-Major,46.7337716,-117.1498035,150,,137.4,0.25,9,0.241,60.74,145,145,0.3548387096774194,2025-26,2025-26-Washington St.,High-Major,25.0,98.29,1.08,101.2,3,9,24.1,49.14,100.0,35.38,100.0,100.0,73.67,1,100.0,3,679.0,6074.0
Nicholls,Southland,Low-Major,29.788594,-90.8035083,906,,221.2,0.083,3,0.0802,36.8,250,250,0.40625,2025-26,2025-26-Nicholls,Low-Major,8.3,84.0,0.08,189.6,1,3,8.02,79.2,12.5,88.89,100.0,97.08,62.44,2,92.86,3,3159.0,3680.0
FGCU,ASUN,Low-Major,26.4636478,-81.7747246,10501,,259.9,0.083,4,0.0816,25.74,247,247,0.4375,2025-26,2025-26-FGCU,Low-Major,8.3,53.14,0.0,236.8,1,4,8.16,51.25,12.5,0.0,47.31,30.47,24.09,13,14.29,8,2053.0,2574.0
Eastern Mich.,MAC,Low-Major,42.2522463,-83.6245615,Putnam-Phelps,,200.5,0.154,3,0.057,42.71,238,238,0.3,2025-26,2025-26-Eastern Mich.,Mid-Major,15.4,84.57,0.08,209.9,2,3,5.7,30.09,100.0,17.78,100.0,91.88,65.46,2,83.33,6,756.0,4271.0
Florida,SEC,Power,29.6411884,-82.3562296,Southwest 14th Street,,46.4,0.625,34,0.5916,86.74,4,4,0.7878787878787878,2025-26,2025-26-Florida,Power,62.5,98.86,5.25,27.9,10,34,59.16,100.0,100.0,89.24,66.93,100.0,90.7,1,100.0,1,628.0,8674.0
Tulsa,American,Low-Major,36.1523306,-95.9459602,East 3rd Street South,,160.3,0.077,8,0.1528,54.2,52,52,0.7741935483870968,2025-26,2025-26-Tulsa,High-Major,7.7,87.14,0.62,135.8,1,8,15.28,0.0,0.0,0.0,0.0,0.0,0.0,4,0.0,4,25.0,5420.0
Louisville,ACC,Power,38.2133224,-85.7577075,2301,,62.0,0.444,19,0.3154,82.29,16,16,0.696969697,2025-26,2025-26-Louisville,Power,44.4,99.71,4.5,53.8,8,19,31.54,26.2,48.58,67.44,100.0,65.16,59.1,4,25.0,4,183.0,8229.0
North Dakota,Summit League,Low-Major,47.9265412,-97.0721209,Oxbow Court,,238.9,0.111,3,0.0786,31.74,271,271,0.46875,2025-26,2025-26-North Dakota,Low-Major,11.1,70.57,0.0,238.6,1,3,7.86,66.41,70.83,0.0,77.07,81.54,53.49,4,78.57,6,2653.0,3174.0
UTRGV,Southland,Low-Major,26.3071534,-98.1728187,1201,,221.2,0.083,3,0.0802,36.8,126,126,0.5483870967741935,2025-26,2025-26-UTRGV,Low-Major,8.3,84.0,0.08,189.6,1,3,8.02,79.2,12.5,88.89,100.0,97.08,62.44,2,92.86,3,3159.0,3680.0
UAlbany,America East,Low-Major,42.6867,-73.8257,Albany,NY,310.9,0.111,5,0.1314,11.17,326,326,0.2758620689655172,2025-26,2025-26-UAlbany,Low-Major,11.1,44.0,0.0,313.4,1,5,13.14,14.43,70.83,0.0,31.71,47.72,34.02,10,35.71,13,596.0,1117.0
Baylor,Big 12,Power,31.5504341,-97.1102906,1301,,48.9,0.5,25,0.557,86.03,50,50,0.4838709677419355,2025-26,2025-26-Baylor,Power,50.0,99.14,5.62,30.3,8,25,55.7,88.23,64.49,100.0,77.82,89.06,80.78,2,75.0,2,557.0,8603.0
Montana,Big Sky,Low-Major,46.8541841,-113.9655283,Kim Wiliams Trail,,198.8,0.1,3,0.0708,43.2,194,194,0.5,2025-26,2025-26-Montana,Low-Major,10.0,63.43,0.0,212.4,1,3,7.08,95.38,47.92,0.0,64.88,73.42,48.82,5,71.43,2,3799.0,4320.0
Eastern Wash.,Big Sky,Low-Major,47.4910113,-117.5842545,526,,198.8,0.1,3,0.0708,43.2,204,204,0.40625,2025-26,2025-26-Eastern Wash.,Low-Major,10.0,63.43,0.0,212.4,1,3,7.08,95.38,47.92,0.0,64.88,73.42,48.82,5,71.43,2,3799.0,4320.0
Colorado St.,Mountain West,Mid-Major,40.5706567,-105.0853995,Constitution Avenue,,113.7,0.083,17,0.3812,67.51,87,87,0.625,2025-26,2025-26-Colorado St.,High-Major,8.3,92.57,1.92,87.8,1,17,38.12,100.0,3.47,100.0,48.7,75.95,55.95,2,66.67,1,1356.0,6751.0
UT Martin,OVC,Low-Major,36.3414523,-88.8642273,Hurt Street,,275.6,0.091,2,0.0422,21.26,205,205,0.6333333333333333,2025-26,2025-26-UT Martin,Low-Major,9.1,50.86,0.0,311.8,1,2,4.22,39.93,29.17,0.0,43.42,35.31,26.88,11,28.57,10,1605.0,2126.0
Xavier,Big East,Power,39.1513078,-84.4708348,Victory Parkway,,67.5,0.273,19,0.487,80.71,97,97,0.4545454545454545,2025-26,2025-26-Xavier,Power,27.3,97.14,2.18,66.5,3,19,48.7,0.0,0.0,0.0,0.0,0.0,0.0,5,0.0,5,25.0,8071.0
Omaha,Summit League,Low-Major,41.2577933,-96.0104971,University Drive North,,238.9,0.111,3,0.0786,31.74,258,258,0.4137931034482758,2025-26,2025-26-Omaha,Low-Major,11.1,70.57,0.0,238.6,1,3,7.86,66.41,70.83,0.0,77.07,81.54,53.49,4,78.57,6,2653.0,3174.0
Sacred Heart,MAAC,Low-Major,41.2225974,-73.2444673,5151,,262.2,0.077,3,0.075,25.09,293,293,0.40625,2025-26,2025-26-Sacred Heart,Low-Major,7.7,48.57,0.0,313.5,1,3,7.5,49.61,0.0,0.0,39.51,19.58,17.82,14,7.14,9,1988.0,2509.0
Coppin St.,MEAC,Low-Major,39.3110927,-76.6585289,Tioga Parkway,,330.9,0.125,5,0.1414,5.46,363,363,0.2,2025-26,2025-26-Coppin St.,Low-Major,12.5,42.0,0.0,273.1,1,5,14.14,0.0,100.0,0.0,28.29,59.25,40.66,6,64.29,15,25.0,546.0
UAB,American,Low-Major,33.5016153,-86.8060476,1720,,160.3,0.077,8,0.1528,54.2,118,118,0.6129032258064516,2025-26,2025-26-UAB,High-Major,7.7,87.14,0.62,135.8,1,8,15.28,0.0,0.0,0.0,0.0,0.0,0.0,4,0.0,4,25.0,5420.0
California Baptist,WAC,Low-Major,33.9283239,-117.4259206,8432,,181.4,0.143,2,0.045,48.17,98,98,0.7575757575757576,2025-26,2025-26-California Baptist,Mid-Major,14.3,75.71,0.0,164.1,1,2,4.5,52.57,86.75,0.0,56.31,72.0,52.14,4,50.0,2,1302.0,4817.0
New Mexico,Mountain West,Mid-Major,35.0866328,-106.6202094,Buena Vista Drive Northeast,,113.7,0.083,17,0.3812,67.51,46,46,0.6875,2025-26,2025-26-New Mexico,High-Major,8.3,92.57,1.92,87.8,1,17,38.12,100.0,3.47,100.0,48.7,75.95,55.95,2,66.67,1,1356.0,6751.0
UC Irvine,Big West,Low-Major,33.6429469,-117.8401606,Irvine,,192.0,0.091,1,0.025,45.14,117,117,0.65625,2025-26,2025-26-UC Irvine,Mid-Major,9.1,71.14,0.09,221.9,1,1,2.5,40.1,24.1,20.0,33.78,36.29,28.21,5,33.33,5,999.0,4514.0
Saint Mary's (CA),WCC,Mid-Major,37.8409597,-122.109459,De La Salle Drive,,137.4,0.25,9,0.241,60.74,22,22,0.8387096774193549,2025-26,2025-26-Saint Mary's (CA),High-Major,25.0,98.29,1.08,101.2,3,9,24.1,49.14,100.0,35.38,100.0,100.0,73.67,1,100.0,3,679.0,6074.0
Northeastern,CAA,Low-Major,42.3351053,-71.0892579,360,,192.4,0.077,3,0.0756,45.03,286,286,0.2258064516129032,2025-26,2025-26-Northeastern,Low-Major,7.7,74.86,0.0,242.3,1,3,7.56,100.0,0.0,0.0,84.39,52.68,36.88,8,50.0,1,3982.0,4503.0
Tulane,American,Low-Major,29.9412196,-90.1201009,6823,,160.3,0.077,8,0.1528,54.2,207,207,0.53125,2025-26,2025-26-Tulane,High-Major,7.7,87.14,0.62,135.8,1,8,15.28,0.0,0.0,0.0,0.0,0.0,0.0,4,0.0,4,25.0,5420.0
Iowa St.,Big 12,Power,42.0279608,-93.6447375,Westwood Drive,,48.9,0.5,25,0.557,86.03,7,7,0.7941176470588235,2025-26,2025-26-Iowa St.,Power,50.0,99.14,5.62,30.3,8,25,55.7,88.23,64.49,100.0,77.82,89.06,80.78,2,75.0,2,557.0,8603.0
Duke,ACC,Power,36.0001557,-78.9442297,Durham Freeway,,62.0,0.444,19,0.3154,82.29,1,1,0.9411764705882352,2025-26,2025-26-Duke,Power,44.4,99.71,4.5,53.8,8,19,31.54,26.2,48.58,67.44,100.0,65.16,59.1,4,25.0,4,183.0,8229.0
Rider,MAAC,Low-Major,40.2815513,-74.7404467,Lawrence Road,,262.2,0.077,3,0.075,25.09,357,357,0.1071428571428571,2025-26,2025-26-Rider,Low-Major,7.7,48.57,0.0,313.5,1,3,7.5,49.61,0.0,0.0,39.51,19.58,17.82,14,7.14,9,1988.0,2509.0
Elon,CAA,Low-Major,36.1063398,-79.5027368,Trollinger Avenue,,192.4,0.077,3,0.0756,45.03,223,223,0.4,2025-26,2025-26-Elon,Low-Major,7.7,74.86,0.0,242.3,1,3,7.56,100.0,0.0,0.0,84.39,52.68,36.88,8,50.0,1,3982.0,4503.0
Cal St. Fullerton,Big West,Low-Major,33.8830939,-117.8852152,800,,192.0,0.091,1,0.025,45.14,177,177,0.5,2025-26,2025-26-Cal St. Fullerton,Mid-Major,9.1,71.14,0.09,221.9,1,1,2.5,40.1,24.1,20.0,33.78,36.29,28.21,5,33.33,5,999.0,4514.0
NIU,MAC,Low-Major,41.9370934,-88.7826784,1425,,200.5,0.154,3,0.057,42.71,335,335,0.25,2025-26,2025-26-NIU,Mid-Major,15.4,84.57,0.08,209.9,2,3,5.7,30.09,100.0,17.78,100.0,91.88,65.46,2,83.33,6,756.0,4271.0
Colorado,Big 12,Power,40.0070061,-105.2664423,Boulder,,48.9,0.5,25,0.557,86.03,77,77,0.53125,2025-26,2025-26-Colorado,Power,50.0,99.14,5.62,30.3,8,25,55.7,88.23,64.49,100.0,77.82,89.06,80.78,2,75.0,2,557.0,8603.0
San Jose St.,Mountain West,Mid-Major,37.3351903,-121.881225,1,,113.7,0.083,17,0.3812,67.51,244,244,0.25,2025-26,2025-26-San Jose St.,High-Major,8.3,92.57,1.92,87.8,1,17,38.12,100.0,3.47,100.0,48.7,75.95,55.95,2,66.67,1,1356.0,6751.0
Penn St.,Big Ten,Power,39.9512098,-75.1835561,Walnut Street,,55.7,0.5,32,0.5892,84.09,141,141,0.375,2025-26,2025-26-Penn St.,Power,50.0,99.43,4.83,29.6,9,32,58.92,56.05,64.49,77.03,89.11,78.13,70.86,3,50.0,3,363.0,8409.0
CSU Bakersfield,Big West,Low-Major,35.3472,-119.1041,Bakersfield,CA,192.0,0.091,1,0.025,45.14,330,330,0.2,2025-26,2025-26-CSU Bakersfield,Mid-Major,9.1,71.14,0.09,221.9,1,1,2.5,40.1,24.1,20.0,33.78,36.29,28.21,5,33.33,5,999.0,4514.0
Maryland,Big Ten,Power,38.9904124,-76.9438586,College Park,,55.7,0.5,32,0.5892,84.09,138,138,0.3636363636363636,2025-26,2025-26-Maryland,Power,50.0,99.43,4.83,29.6,9,32,58.92,56.05,64.49,77.03,89.11,78.13,70.86,3,50.0,3,363.0,8409.0
Miami (OH),MAC,Low-Major,39.5094198,-84.7311546,South Patterson Avenue,,200.5,0.154,3,0.057,42.71,64,64,0.9655172413793104,2025-26,2025-26-Miami (OH),Mid-Major,15.4,84.57,0.08,209.9,2,3,5.7,30.09,100.0,17.78,100.0,91.88,65.46,2,83.33,6,756.0,4271.0
Winthrop,Big South,Low-Major,34.9391204,-81.0324911,Sumter Avenue,,236.7,0.111,3,0.085,32.37,131,131,0.6451612903225806,2025-26,2025-26-Winthrop,Low-Major,11.1,78.29,0.0,248.2,1,3,8.5,68.01,70.83,0.0,90.25,86.66,56.44,3,85.71,5,2716.0,3237.0
Vanderbilt,SEC,Power,36.1438011,-86.8028189,2201,,46.4,0.625,34,0.5916,86.74,13,13,0.7878787878787878,2025-26,2025-26-Vanderbilt,Power,62.5,98.86,5.25,27.9,10,34,59.16,100.0,100.0,89.24,66.93,100.0,90.7,1,100.0,1,628.0,8674.0
Holy Cross,Patriot,Low-Major,42.2366865,-71.8070248,1,,280.7,0.1,5,0.1538,19.8,331,331,0.2903225806451613,2025-26,2025-26-Holy Cross,Low-Major,10.0,61.14,0.0,311.1,1,5,15.38,36.24,47.92,0.0,60.97,51.52,36.21,9,42.86,11,1459.0,1980.0
Rutgers,Big Ten,Power,40.5204169,-74.4645303,Dewey Court,,55.7,0.5,32,0.5892,84.09,135,135,0.4242424242424242,2025-26,2025-26-Rutgers,Power,50.0,99.43,4.83,29.6,9,32,58.92,56.05,64.49,77.03,89.11,78.13,70.86,3,50.0,3,363.0,8409.0
Lipscomb,ASUN,Low-Major,36.1050717,-86.7986409,Burton Avenue,,259.9,0.083,4,0.0816,25.74,193,193,0.5666666666666667,2025-26,2025-26-Lipscomb,Low-Major,8.3,53.14,0.0,236.8,1,4,8.16,51.25,12.5,0.0,47.31,30.47,24.09,13,14.29,8,2053.0,2574.0
California,ACC,Power,37.8754996,-122.2390685,Berkeley,,62.0,0.444,19,0.3154,82.29,68,68,0.6451612903225806,2025-26,2025-26-California,Power,44.4,99.71,4.5,53.8,8,19,31.54,26.2,48.58,67.44,100.0,65.16,59.1,4,25.0,4,183.0,8229.0
Purdue,Big Ten,Power,40.430028,-86.9264211,610,,55.7,0.5,32,0.5892,84.09,9,9,0.7647058823529411,2025-26,2025-26-Purdue,Power,50.0,99.43,4.83,29.6,9,32,58.92,56.05,64.49,77.03,89.11,78.13,70.86,3,50.0,3,363.0,8409.0
Kentucky,SEC,Power,38.0266291,-84.5047222,101,,46.4,0.625,34,0.5916,86.74,28,28,0.6176470588235294,2025-26,2025-26-Kentucky,Power,62.5,98.86,5.25,27.9,10,34,59.16,100.0,100.0,89.24,66.93,100.0,90.7,1,100.0,1,628.0,8674.0
Duquesne,Atlantic 10,Mid-Major,40.4381017,-79.9896684,Forbes Avenue,,132.2,0.143,5,0.0838,62.23,133,133,0.5161290322580645,2025-26,2025-26-Duquesne,High-Major,14.3,91.43,0.93,120.9,2,5,8.38,60.33,38.15,23.85,38.48,53.05,39.08,3,33.33,2,828.0,6223.0
BYU,Big 12,Power,40.2554083,-111.6496832,800 North,,48.9,0.5,25,0.557,86.03,23,23,0.6764705882352942,2025-26,2025-26-BYU,Power,50.0,99.14,5.62,30.3,8,25,55.7,88.23,64.49,100.0,77.82,89.06,80.78,2,75.0,2,557.0,8603.0
Marshall,Sun Belt,Low-Major,38.4236258,-82.4274024,1,,226.1,0.071,4,0.0804,35.4,171,171,0.5806451612903226,2025-26,2025-26-Marshall,Mid-Major,7.1,64.29,0.07,287.9,1,4,8.04,0.0,0.0,15.56,0.0,0.0,3.89,7,0.0,7,25.0,3540.0
Tennessee,SEC,Power,35.9516352,-83.9308819,Knoxville,,46.4,0.625,34,0.5916,86.74,20,20,0.6666666666666666,2025-26,2025-26-Tennessee,Power,62.5,98.86,5.25,27.9,10,34,59.16,100.0,100.0,89.24,66.93,100.0,90.7,1,100.0,1,628.0,8674.0
Queens (NC),ASUN,Low-Major,35.1889,-80.7326,Charlotte,NC,259.9,0.083,4,0.0816,25.74,189,189,0.6060606060606061,2025-26,2025-26-Queens (NC),Low-Major,8.3,53.14,0.0,236.8,1,4,8.16,51.25,12.5,0.0,47.31,30.47,24.09,13,14.29,8,2053.0,2574.0
IU Indy,Horizon,Low-Major,39.7747586,-86.1769528,420,,221.2,0.091,3,0.089,36.8,319,319,0.1666666666666666,2025-26,2025-26-IU Indy,Low-Major,9.1,63.71,0.09,241.9,1,3,8.9,79.2,29.17,100.0,65.36,100.0,64.12,1,100.0,3,3159.0,3680.0
ULM,Sun Belt,Low-Major,32.5318286,-92.0658112,700,,226.1,0.071,4,0.0804,35.4,355,355,0.066666667,2025-26,2025-26-ULM,Mid-Major,7.1,64.29,0.07,287.9,1,4,8.04,0.0,0.0,15.56,0.0,0.0,3.89,7,0.0,7,25.0,3540.0
Providence,Big East,Power,41.8442938,-71.4354886,1,,67.5,0.273,19,0.487,80.71,81,81,0.4545454545454545,2025-26,2025-26-Providence,Power,27.3,97.14,2.18,66.5,3,19,48.7,0.0,0.0,0.0,0.0,0.0,0.0,5,0.0,5,25.0,8071.0
Memphis,American,Low-Major,35.1189387,-89.9372196,Zack H Curlin Street,,160.3,0.077,8,0.1528,54.2,134,134,0.40625,2025-26,2025-26-Memphis,High-Major,7.7,87.14,0.62,135.8,1,8,15.28,0.0,0.0,0.0,0.0,0.0,0.0,4,0.0,4,25.0,5420.0
Southern Ill.,MVC,Mid-Major,37.7083423,-89.2275556,1263,,141.1,0.091,5,0.1096,59.69,120,120,0.4838709677419355,2025-26,2025-26-Southern Ill.,Mid-Major,9.1,82.0,0.45,135.4,1,5,10.96,100.0,24.1,100.0,87.33,100.0,70.9,1,100.0,1,2454.0,5969.0
Col. of Charleston,CAA,Low-Major,32.7840902,-79.9380024,66,,192.4,0.077,3,0.0756,45.03,162,162,0.6451612903225806,2025-26,2025-26-Col. of Charleston,Low-Major,7.7,74.86,0.0,242.3,1,3,7.56,100.0,0.0,0.0,84.39,52.68,36.88,8,50.0,1,3982.0,4503.0
Liberty,CUSA,Low-Major,37.3539467,-79.1531533,1971,,188.7,0.083,4,0.0954,46.09,106,106,0.7586206896551724,2025-26,2025-26-Liberty,Mid-Major,8.3,69.71,0.08,226.5,1,4,9.54,44.01,14.46,17.78,26.73,29.49,23.65,6,16.67,4,1094.0,4609.0
Bradley,MVC,Mid-Major,40.6981131,-89.6155139,1501,,141.1,0.091,5,0.1096,59.69,113,113,0.625,2025-26,2025-26-Bradley,Mid-Major,9.1,82.0,0.45,135.4,1,5,10.96,100.0,24.1,100.0,87.33,100.0,70.9,1,100.0,1,2454.0,5969.0
Oakland,Horizon,Low-Major,42.6666333,-83.2065575,201,,221.2,0.091,3,0.089,36.8,175,175,0.4838709677419355,2025-26,2025-26-Oakland,Low-Major,9.1,63.71,0.09,241.9,1,3,8.9,79.2,29.17,100.0,65.36,100.0,64.12,1,100.0,3,3159.0,3680.0
Central Conn. St.,NEC,Low-Major,41.6929278,-72.765429,1615,,304.0,0.1,4,0.1354,13.14,289,289,0.5714285714285714,2025-26,2025-26-Central Conn. St.,Low-Major,10.0,43.43,0.0,297.4,1,4,13.54,19.41,47.92,0.0,30.73,35.17,26.8,12,21.43,12,793.0,1314.0
Syracuse,ACC,Power,43.0171129,-76.1185536,Tecumseh Road,,62.0,0.444,19,0.3154,82.29,86,86,0.46875,2025-26,2025-26-Syracuse,Power,44.4,99.71,4.5,53.8,8,19,31.54,26.2,48.58,67.44,100.0,65.16,59.1,4,25.0,4,183.0,8229.0
UC Riverside,Big West,Low-Major,33.9642576,-117.3398097,Riverside,,192.0,0.091,1,0.025,45.14,273,273,0.2666666666666666,2025-26,2025-26-UC Riverside,Mid-Major,9.1,71.14,0.09,221.9,1,1,2.5,40.1,24.1,20.0,33.78,36.29,28.21,5,33.33,5,999.0,4514.0
Florida St.,ACC,Power,27.7627389,-82.6361822,140,,62.0,0.444,19,0.3154,82.29,62,62,0.5454545454545454,2025-26,2025-26-Florida St.,Power,44.4,99.71,4.5,53.8,8,19,31.54,26.2,48.58,67.44,100.0,65.16,59.1,4,25.0,4,183.0,8229.0
Southern California,Big Ten,Power,34.021869,-118.2858579,Harbor Freeway,,55.7,0.5,32,0.5892,84.09,79,79,0.5483870967741935,2025-26,2025-26-Southern California,Power,50.0,99.43,4.83,29.6,9,32,58.92,56.05,64.49,77.03,89.11,78.13,70.86,3,50.0,3,363.0,8409.0
Howard,MEAC,Low-Major,38.9218972,-77.0195931,2400,,330.9,0.125,5,0.1414,5.46,203,203,0.6551724137931034,2025-26,2025-26-Howard,Low-Major,12.5,42.0,0.0,273.1,1,5,14.14,0.0,100.0,0.0,28.29,59.25,40.66,6,64.29,15,25.0,546.0
UMES,MEAC,Low-Major,38.2107,-75.6855,Princess Anne,MD,330.9,0.125,5,0.1414,5.46,351,351,0.2333333333333333,2025-26,2025-26-UMES,Low-Major,12.5,42.0,0.0,273.1,1,5,14.14,0.0,100.0,0.0,28.29,59.25,40.66,6,64.29,15,25.0,546.0
North Dakota St.,Summit League,Low-Major,46.897155,-96.8182654,12th Avenue North,,238.9,0.111,3,0.0786,31.74,114,114,0.7741935483870968,2025-26,2025-26-North Dakota St.,Low-Major,11.1,70.57,0.0,238.6,1,3,7.86,66.41,70.83,0.0,77.07,81.54,53.49,4,78.57,6,2653.0,3174.0
Washington,Big Ten,Power,47.6554303,-122.3001692,1410,,55.7,0.5,32,0.5892,84.09,57,57,0.4848484848484848,2025-26,2025-26-Washington,Power,50.0,99.43,4.83,29.6,9,32,58.92,56.05,64.49,77.03,89.11,78.13,70.86,3,50.0,3,363.0,8409.0
Fordham,Atlantic 10,Mid-Major,40.8617344,-73.8860317,441,,132.2,0.143,5,0.0838,62.23,174,174,0.4827586206896552,2025-26,2025-26-Fordham,High-Major,14.3,91.43,0.93,120.9,2,5,8.38,60.33,38.15,23.85,38.48,53.05,39.08,3,33.33,2,828.0,6223.0
LMU (CA),WCC,Mid-Major,36.5718381,-83.661624,6965,,137.4,0.25,9,0.241,60.74,179,179,0.4516129032258064,2025-26,2025-26-LMU (CA),High-Major,25.0,98.29,1.08,101.2,3,9,24.1,49.14,100.0,35.38,100.0,100.0,73.67,1,100.0,3,679.0,6074.0
Saint Louis,Atlantic 10,Mid-Major,38.6472402,-90.3084017,1,,132.2,0.143,5,0.0838,62.23,30,30,0.84375,2025-26,2025-26-Saint Louis,High-Major,14.3,91.43,0.93,120.9,2,5,8.38,60.33,38.15,23.85,38.48,53.05,39.08,3,33.33,2,828.0,6223.0
Chattanooga,SoCon,Low-Major,35.0470904,-85.298257,615,,248.3,0.1,1,0.0222,29.06,288,288,0.3448275862068966,2025-26,2025-26-Chattanooga,Low-Major,10.0,60.29,0.0,291.6,1,1,2.22,59.64,47.92,0.0,59.52,59.15,40.6,7,57.14,7,2385.0,2906.0
VCU,Atlantic 10,Mid-Major,37.5461247,-77.4540609,907,,132.2,0.143,5,0.0838,62.23,43,43,0.7878787878787878,2025-26,2025-26-VCU,High-Major,14.3,91.43,0.93,120.9,2,5,8.38,60.33,38.15,23.85,38.48,53.05,39.08,3,33.33,2,828.0,6223.0
Illinois St.,MVC,Mid-Major,38.9526899,-95.2454027,University Place,,141.1,0.091,5,0.1096,59.69,95,95,0.6129032258064516,2025-26,2025-26-Illinois St.,Mid-Major,9.1,82.0,0.45,135.4,1,5,10.96,100.0,24.1,100.0,87.33,100.0,70.9,1,100.0,1,2454.0,5969.0
New Orleans,Southland,Low-Major,30.0283526,-90.0668428,Elysian Fields Avenue,,221.2,0.083,3,0.0802,36.8,215,215,0.4545454545454545,2025-26,2025-26-New Orleans,Low-Major,8.3,84.0,0.08,189.6,1,3,8.02,79.2,12.5,88.89,100.0,97.08,62.44,2,92.86,3,3159.0,3680.0
Northwestern,Big Ten,Power,42.0557157,-87.6752945,633,,55.7,0.5,32,0.5892,84.09,66,66,0.4411764705882353,2025-26,2025-26-Northwestern,Power,50.0,99.43,4.83,29.6,9,32,58.92,56.05,64.49,77.03,89.11,78.13,70.86,3,50.0,3,363.0,8409.0
Temple,American,Low-Major,39.981188,-75.1562828,1801,,160.3,0.077,8,0.1528,54.2,167,167,0.4838709677419355,2025-26,2025-26-Temple,High-Major,7.7,87.14,0.62,135.8,1,8,15.28,0.0,0.0,0.0,0.0,0.0,0.0,4,0.0,4,25.0,5420.0
Manhattan,MAAC,Low-Major,40.8125642,-73.9612954,West 122nd Street,,262.2,0.077,3,0.075,25.09,329,329,0.3548387096774194,2025-26,2025-26-Manhattan,Low-Major,7.7,48.57,0.0,313.5,1,3,7.5,49.61,0.0,0.0,39.51,19.58,17.82,14,7.14,9,1988.0,2509.0
UConn,Big East,Power,41.8111114,-72.2483889,Storrs Road,,67.5,0.273,19,0.487,80.71,10,10,0.8529411764705882,2025-26,2025-26-UConn,Power,27.3,97.14,2.18,66.5,3,19,48.7,0.0,0.0,0.0,0.0,0.0,0.0,5,0.0,5,25.0,8071.0
Davidson,Atlantic 10,Mid-Major,40.8594824,-73.9043894,University Heights,,132.2,0.143,5,0.0838,62.23,115,115,0.5806451612903226,2025-26,2025-26-Davidson,High-Major,14.3,91.43,0.93,120.9,2,5,8.38,60.33,38.15,23.85,38.48,53.05,39.08,3,33.33,2,828.0,6223.0
UCF,Big 12,Power,28.599591,-81.1971284,4000,,48.9,0.5,25,0.557,86.03,51,51,0.65625,2025-26,2025-26-UCF,Power,50.0,99.14,5.62,30.3,8,25,55.7,88.23,64.49,100.0,77.82,89.06,80.78,2,75.0,2,557.0,8603.0
Merrimack,MAAC,Low-Major,42.6519097,-71.3173628,Middlesex Street,,262.2,0.077,3,0.075,25.09,180,180,0.6764705882352942,2025-26,2025-26-Merrimack,Low-Major,7.7,48.57,0.0,313.5,1,3,7.5,49.61,0.0,0.0,39.51,19.58,17.82,14,7.14,9,1988.0,2509.0
Bellarmine,ASUN,Low-Major,38.2187504,-85.7058411,2001,,259.9,0.083,4,0.0816,25.74,285,285,0.3666666666666666,2025-26,2025-26-Bellarmine,Low-Major,8.3,53.14,0.0,236.8,1,4,8.16,51.25,12.5,0.0,47.31,30.47,24.09,13,14.29,8,2053.0,2574.0
Stetson,ASUN,Low-Major,29.0365347,-81.3005411,421,,259.9,0.083,4,0.0816,25.74,314,314,0.3225806451612903,2025-26,2025-26-Stetson,Low-Major,8.3,53.14,0.0,236.8,1,4,8.16,51.25,12.5,0.0,47.31,30.47,24.09,13,14.29,8,2053.0,2574.0
Michigan,Big Ten,Power,42.2942142,-83.7100389,500,,55.7,0.5,32,0.5892,84.09,2,2,0.9393939393939394,2025-26,2025-26-Michigan,Power,50.0,99.43,4.83,29.6,9,32,58.92,56.05,64.49,77.03,89.11,78.13,70.86,3,50.0,3,363.0,8409.0
Murray St.,MVC,Mid-Major,36.6129699,-88.322088,Olive Boulevard,,141.1,0.091,5,0.1096,59.69,105,105,0.625,2025-26,2025-26-Murray St.,Mid-Major,9.1,82.0,0.45,135.4,1,5,10.96,100.0,24.1,100.0,87.33,100.0,70.9,1,100.0,1,2454.0,5969.0
Virginia,ACC,Power,38.0410576,-78.5055084,Goodwin Bridge,,62.0,0.444,19,0.3154,82.29,12,12,0.8529411764705882,2025-26,2025-26-Virginia,Power,44.4,99.71,4.5,53.8,8,19,31.54,26.2,48.58,67.44,100.0,65.16,59.1,4,25.0,4,183.0,8229.0
UMass Lowell,America East,Low-Major,42.6519097,-71.3173628,Cross Street,,310.9,0.111,5,0.1314,11.17,321,321,0.4,2025-26,2025-26-UMass Lowell,Low-Major,11.1,44.0,0.0,313.4,1,5,13.14,14.43,70.83,0.0,31.71,47.72,34.02,10,35.71,13,596.0,1117.0
Lindenwood,OVC,Low-Major,38.5230861,-90.01096,2600,,275.6,0.091,2,0.0422,21.26,262,262,0.5,2025-26,2025-26-Lindenwood,Low-Major,9.1,50.86,0.0,311.8,1,2,4.22,39.93,29.17,0.0,43.42,35.31,26.88,11,28.57,10,1605.0,2126.0
Mississippi Val.,SWAC,Low-Major,33.5138,-90.34,Itta Bena,MS,315.8,0.083,3,0.0908,9.77,365,365,0.0625,2025-26,2025-26-Mississippi Val.,Low-Major,8.3,25.43,0.0,229.5,1,3,9.08,10.89,12.5,0.0,0.0,0.0,6.55,15,0.0,14,456.0,977.0
Cornell,Ivy League,Low-Major,42.4529076,-76.4800842,City of Ithaca,,188.6,0.125,3,0.0822,46.11,149,149,0.5,2025-26,2025-26-Cornell,Mid-Major,12.5,81.43,0.12,206.1,1,3,8.22,44.09,65.06,26.67,84.52,76.51,55.16,3,66.67,3,1096.0,4611.0
A&M-Corpus Christi,Southland,Low-Major,27.7127514,-97.3233877,Starfish Lane,,221.2,0.083,3,0.0802,36.8,191,191,0.4827586206896552,2025-26,2025-26-A&M-Corpus Christi,Low-Major,8.3,84.0,0.08,189.6,1,3,8.02,79.2,12.5,88.89,100.0,97.08,62.44,2,92.86,3,3159.0,3680.0
Akron,MAC,Low-Major,41.0757383,-81.5114532,Wolf Ledges Parkway,,200.5,0.154,3,0.057,42.71,54,54,0.84375,2025-26,2025-26-Akron,Mid-Major,15.4,84.57,0.08,209.9,2,3,5.7,30.09,100.0,17.78,100.0,91.88,65.46,2,83.33,6,756.0,4271.0
Wagner,NEC,Low-Major,35.3071604,-80.7373778,Toby Creek Greenway,,304.0,0.1,4,0.1354,13.14,302,302,0.3928571428571428,2025-26,2025-26-Wagner,Low-Major,10.0,43.43,0.0,297.4,1,4,13.54,19.41,47.92,0.0,30.73,35.17,26.8,12,21.43,12,793.0,1314.0
Mercyhurst,NEC,Low-Major,42.1041456,-80.0538851,501,,304.0,0.1,4,0.1354,13.14,277,277,0.46875,2025-26,2025-26-Mercyhurst,Low-Major,10.0,43.43,0.0,297.4,1,4,13.54,19.41,47.92,0.0,30.73,35.17,26.8,12,21.43,12,793.0,1314.0
UNLV,Mountain West,Mid-Major,36.1079411,-115.1439051,Las Vegas,,113.7,0.083,17,0.3812,67.51,111,111,0.5,2025-26,2025-26-UNLV,High-Major,8.3,92.57,1.92,87.8,1,17,38.12,100.0,3.47,100.0,48.7,75.95,55.95,2,66.67,1,1356.0,6751.0
Colgate,Patriot,Low-Major,42.8154037,-75.5395816,Broad Street,,280.7,0.1,5,0.1538,19.8,226,226,0.5161290322580645,2025-26,2025-26-Colgate,Low-Major,10.0,61.14,0.0,311.1,1,5,15.38,36.24,47.92,0.0,60.97,51.52,36.21,9,42.86,11,1459.0,1980.0
Texas Tech,Big 12,Power,33.5937526,-101.8995955,2500,,48.9,0.5,25,0.557,86.03,19,19,0.6875,2025-26,2025-26-Texas Tech,Power,50.0,99.14,5.62,30.3,8,25,55.7,88.23,64.49,100.0,77.82,89.06,80.78,2,75.0,2,557.0,8603.0
UTEP,CUSA,Low-Major,31.7702,-106.5044,El Paso,TX,188.7,0.083,4,0.0954,46.09,268,268,0.2857142857142857,2025-26,2025-26-UTEP,Mid-Major,8.3,69.71,0.08,226.5,1,4,9.54,44.01,14.46,17.78,26.73,29.49,23.65,6,16.67,4,1094.0,4609.0
Oregon St.,WCC,Mid-Major,45.5161924,-122.6807637,620,,137.4,0.25,9,0.241,60.74,170,170,0.5151515151515151,2025-26,2025-26-Oregon St.,High-Major,25.0,98.29,1.08,101.2,3,9,24.1,49.14,100.0,35.38,100.0,100.0,73.67,1,100.0,3,679.0,6074.0
NC State,ACC,Power,35.7718497,-78.674087,Pullen Road,,62.0,0.444,19,0.3154,82.29,36,36,0.6060606060606061,2025-26,2025-26-NC State,Power,44.4,99.71,4.5,53.8,8,19,31.54,26.2,48.58,67.44,100.0,65.16,59.1,4,25.0,4,183.0,8229.0
Iowa,Big Ten,Power,41.6682891,-91.5795068,North Riverside Drive,,55.7,0.5,32,0.5892,84.09,27,27,0.6363636363636364,2025-26,2025-26-Iowa,Power,50.0,99.43,4.83,29.6,9,32,58.92,56.05,64.49,77.03,89.11,78.13,70.86,3,50.0,3,363.0,8409.0
Green Bay,Horizon,Low-Major,44.5328424,-87.9198844,2420,,221.2,0.091,3,0.089,36.8,217,217,0.5161290322580645,2025-26,2025-26-Green Bay,Low-Major,9.1,63.71,0.09,241.9,1,3,8.9,79.2,29.17,100.0,65.36,100.0,64.12,1,100.0,3,3159.0,3680.0
Alabama,SEC,Power,33.2120822,-87.5396735,Julia Tutwiler Drive,,46.4,0.625,34,0.5916,86.74,18,18,0.71875,2025-26,2025-26-Alabama,Power,62.5,98.86,5.25,27.9,10,34,59.16,100.0,100.0,89.24,66.93,100.0,90.7,1,100.0,1,628.0,8674.0
Texas St.,Sun Belt,Low-Major,33.2161837,-97.1452758,Ponder Street,,226.1,0.071,4,0.0804,35.4,235,235,0.5666666666666667,2025-26,2025-26-Texas St.,Mid-Major,7.1,64.29,0.07,287.9,1,4,8.04,0.0,0.0,15.56,0.0,0.0,3.89,7,0.0,7,25.0,3540.0
LSU,SEC,Power,30.4062005,-91.1854129,Normal Place,,46.4,0.625,34,0.5916,86.74,78,78,0.46875,2025-26,2025-26-LSU,Power,62.5,98.86,5.25,27.9,10,34,59.16,100.0,100.0,89.24,66.93,100.0,90.7,1,100.0,1,628.0,8674.0
CSUN,Big West,Low-Major,34.2455346,-118.5263221,Northridge,,192.0,0.091,1,0.025,45.14,188,188,0.5625,2025-26,2025-26-CSUN,Mid-Major,9.1,71.14,0.09,221.9,1,1,2.5,40.1,24.1,20.0,33.78,36.29,28.21,5,33.33,5,999.0,4514.0
Hampton,CAA,Low-Major,37.0210096,-76.3386255,100,,192.4,0.077,3,0.0756,45.03,270,270,0.3666666666666666,2025-26,2025-26-Hampton,Low-Major,7.7,74.86,0.0,242.3,1,3,7.56,100.0,0.0,0.0,84.39,52.68,36.88,8,50.0,1,3982.0,4503.0
North Texas,American,Low-Major,33.2098926,-97.1514762,1155,,160.3,0.077,8,0.1528,54.2,137,137,0.5483870967741935,2025-26,2025-26-North Texas,High-Major,7.7,87.14,0.62,135.8,1,8,15.28,0.0,0.0,0.0,0.0,0.0,0.0,4,0.0,4,25.0,5420.0
Sam Houston,CUSA,Low-Major,30.7133471,-95.5449136,1905,,188.7,0.083,4,0.0954,46.09,107,107,0.6333333333333333,2025-26,2025-26-Sam Houston,Mid-Major,8.3,69.71,0.08,226.5,1,4,9.54,44.01,14.46,17.78,26.73,29.49,23.65,6,16.67,4,1094.0,4609.0
UC Davis,Big West,Low-Major,38.5337904,-121.7907544,Davis,,192.0,0.091,1,0.025,45.14,178,178,0.5483870967741935,2025-26,2025-26-UC Davis,Mid-Major,9.1,71.14,0.09,221.9,1,1,2.5,40.1,24.1,20.0,33.78,36.29,28.21,5,33.33,5,999.0,4514.0
N.C. Central,MEAC,Low-Major,35.9742,-78.8986,Durham,NC,330.9,0.125,5,0.1414,5.46,342,342,0.3571428571428571,2025-26,2025-26-N.C. Central,Low-Major,12.5,42.0,0.0,273.1,1,5,14.14,0.0,100.0,0.0,28.29,59.25,40.66,6,64.29,15,25.0,546.0
Air Force,Mountain West,Mid-Major,39.008415,-104.8903879,2306,,113.7,0.083,17,0.3812,67.51,350,350,0.09375,2025-26,2025-26-Air Force,High-Major,8.3,92.57,1.92,87.8,1,17,38.12,100.0,3.47,100.0,48.7,75.95,55.95,2,66.67,1,1356.0,6751.0
Morgan St.,MEAC,Low-Major,39.3446663,-76.5836094,1700,,330.9,0.125,5,0.1414,5.46,352,352,0.4074074074074074,2025-26,2025-26-Morgan St.,Low-Major,12.5,42.0,0.0,273.1,1,5,14.14,0.0,100.0,0.0,28.29,59.25,40.66,6,64.29,15,25.0,546.0
Cincinnati,Big 12,Power,39.1134631,-84.5544375,Claypole Avenue,,48.9,0.5,25,0.557,86.03,49,49,0.5454545454545454,2025-26,2025-26-Cincinnati,Power,50.0,99.14,5.62,30.3,8,25,55.7,88.23,64.49,100.0,77.82,89.06,80.78,2,75.0,2,557.0,8603.0
Tennessee St.,OVC,Low-Major,36.1679249,-86.8271487,Albion Street,,275.6,0.091,2,0.0422,21.26,172,172,0.6896551724137931,2025-26,2025-26-Tennessee St.,Low-Major,9.1,50.86,0.0,311.8,1,2,4.22,39.93,29.17,0.0,43.42,35.31,26.88,11,28.57,10,1605.0,2126.0
Quinnipiac,MAAC,Low-Major,41.4181949,-72.8931049,275,,262.2,0.077,3,0.075,25.09,211,211,0.5806451612903226,2025-26,2025-26-Quinnipiac,Low-Major,7.7,48.57,0.0,313.5,1,3,7.5,49.61,0.0,0.0,39.51,19.58,17.82,14,7.14,9,1988.0,2509.0
Little Rock,OVC,Low-Major,34.7223681,-92.3383026,2801,,275.6,0.091,2,0.0422,21.26,309,309,0.3333333333333333,2025-26,2025-26-Little Rock,Low-Major,9.1,50.86,0.0,311.8,1,2,4.22,39.93,29.17,0.0,43.42,35.31,26.88,11,28.57,10,1605.0,2126.0
Wisconsin,Big Ten,Power,43.0802745,-89.4309587,University Houses,,55.7,0.5,32,0.5892,84.09,25,25,0.7058823529411765,2025-26,2025-26-Wisconsin,Power,50.0,99.43,4.83,29.6,9,32,58.92,56.05,64.49,77.03,89.11,78.13,70.86,3,50.0,3,363.0,8409.0
Long Beach St.,Big West,Low-Major,33.7817709,-118.1152001,Long Beach,,192.0,0.091,1,0.025,45.14,257,257,0.2666666666666666,2025-26,2025-26-Long Beach St.,Mid-Major,9.1,71.14,0.09,221.9,1,1,2.5,40.1,24.1,20.0,33.78,36.29,28.21,5,33.33,5,999.0,4514.0
Minnesota,Big Ten,Power,44.9863418,-93.1794451,Twin Cities Campus,,55.7,0.5,32,0.5892,84.09,80,80,0.46875,2025-26,2025-26-Minnesota,Power,50.0,99.43,4.83,29.6,9,32,58.92,56.05,64.49,77.03,89.11,78.13,70.86,3,50.0,3,363.0,8409.0
Samford,SoCon,Low-Major,33.4641484,-86.7939592,Shades Creek Greenway (Lakeshore Trail),,248.3,0.1,1,0.0222,29.06,218,218,0.5333333333333333,2025-26,2025-26-Samford,Low-Major,10.0,60.29,0.0,291.6,1,1,2.22,59.64,47.92,0.0,59.52,59.15,40.6,7,57.14,7,2385.0,2906.0
Houston Christian,Southland,Low-Major,29.6944292,-95.5147559,7502,,221.2,0.083,3,0.0802,36.8,294,294,0.3333333333333333,2025-26,2025-26-Houston Christian,Low-Major,8.3,84.0,0.08,189.6,1,3,8.02,79.2,12.5,88.89,100.0,97.08,62.44,2,92.86,3,3159.0,3680.0
Eastern Ill.,OVC,Low-Major,39.4842,-88.1753,Charleston,IL,275.6,0.091,2,0.0422,21.26,320,320,0.3333333333333333,2025-26,2025-26-Eastern Ill.,Low-Major,9.1,50.86,0.0,311.8,1,2,4.22,39.93,29.17,0.0,43.42,35.31,26.88,11,28.57,10,1605.0,2126.0
New Hampshire,America East,Low-Major,43.1350987,-70.9462079,105,,310.9,0.111,5,0.1314,11.17,348,348,0.25,2025-26,2025-26-New Hampshire,Low-Major,11.1,44.0,0.0,313.4,1,5,13.14,14.43,70.83,0.0,31.71,47.72,34.02,10,35.71,13,596.0,1117.0
Siena,MAAC,Low-Major,41.9062844,-84.0179652,1247,,262.2,0.077,3,0.075,25.09,183,183,0.6764705882352942,2025-26,2025-26-Siena,Low-Major,7.7,48.57,0.0,313.5,1,3,7.5,49.61,0.0,0.0,39.51,19.58,17.82,14,7.14,9,1988.0,2509.0
Grand Canyon,Mountain West,Mid-Major,33.5131857,-112.127183,3300,,113.7,0.083,17,0.3812,67.51,71,71,0.625,2025-26,2025-26-Grand Canyon,High-Major,8.3,92.57,1.92,87.8,1,17,38.12,100.0,3.47,100.0,48.7,75.95,55.95,2,66.67,1,1356.0,6751.0
High Point,Big South,Low-Major,35.9720859,-79.9936582,Blessing Way,,236.7,0.111,3,0.085,32.37,76,76,0.8709677419354839,2025-26,2025-26-High Point,Low-Major,11.1,78.29,0.0,248.2,1,3,8.5,68.01,70.83,0.0,90.25,86.66,56.44,3,85.71,5,2716.0,3237.0
Oregon,Big Ten,Power,44.0444197,-123.0717603,1585,,55.7,0.5,32,0.5892,84.09,109,109,0.375,2025-26,2025-26-Oregon,Power,50.0,99.43,4.83,29.6,9,32,58.92,56.05,64.49,77.03,89.11,78.13,70.86,3,50.0,3,363.0,8409.0
Texas Southern,SWAC,Low-Major,29.7209058,-95.3596267,Ruth Street,,315.8,0.083,3,0.0908,9.77,322,322,0.3571428571428571,2025-26,2025-26-Texas Southern,Low-Major,8.3,25.43,0.0,229.5,1,3,9.08,10.89,12.5,0.0,0.0,0.0,6.55,15,0.0,14,456.0,977.0
N.C. A&T,CAA,Low-Major,36.0726,-79.773,Greensboro,NC,192.4,0.077,3,0.0756,45.03,276,276,0.3214285714285714,2025-26,2025-26-N.C. A&T,Low-Major,7.7,74.86,0.0,242.3,1,3,7.56,100.0,0.0,0.0,84.39,52.68,36.88,8,50.0,1,3982.0,4503.0
Northwestern St.,Southland,Low-Major,29.7215812,-95.4400102,Greenway / Upper Kirby,,221.2,0.083,3,0.0802,36.8,301,301,0.2666666666666666,2025-26,2025-26-Northwestern St.,Low-Major,8.3,84.0,0.08,189.6,1,3,8.02,79.2,12.5,88.89,100.0,97.08,62.44,2,92.86,3,3159.0,3680.0
Prairie View,SWAC,Low-Major,30.0960955,-95.9870007,700,,315.8,0.083,3,0.0908,9.77,300,300,0.4516129032258064,2025-26,2025-26-Prairie View,Low-Major,8.3,25.43,0.0,229.5,1,3,9.08,10.89,12.5,0.0,0.0,0.0,6.55,15,0.0,14,456.0,977.0
Seton Hall,Big East,Power,40.7433314,-74.2468921,Gardner Avenue,,67.5,0.273,19,0.487,80.71,53,53,0.6363636363636364,2025-26,2025-26-Seton Hall,Power,27.3,97.14,2.18,66.5,3,19,48.7,0.0,0.0,0.0,0.0,0.0,0.0,5,0.0,5,25.0,8071.0
Indiana St.,MVC,Mid-Major,38.9527388,-95.2430182,University Place,,141.1,0.091,5,0.1096,59.69,213,213,0.3,2025-26,2025-26-Indiana St.,Mid-Major,9.1,82.0,0.45,135.4,1,5,10.96,100.0,24.1,100.0,87.33,100.0,70.9,1,100.0,1,2454.0,5969.0
San Diego,WCC,Mid-Major,32.7726302,-117.1891347,5998,,137.4,0.25,9,0.241,60.74,234,234,0.3225806451612903,2025-26,2025-26-San Diego,High-Major,25.0,98.29,1.08,101.2,3,9,24.1,49.14,100.0,35.38,100.0,100.0,73.67,1,100.0,3,679.0,6074.0
La Salle,Atlantic 10,Mid-Major,40.0376298,-75.1540025,East Penn Street,,132.2,0.143,5,0.0838,62.23,246,246,0.2580645161290322,2025-26,2025-26-La Salle,High-Major,14.3,91.43,0.93,120.9,2,5,8.38,60.33,38.15,23.85,38.48,53.05,39.08,3,33.33,2,828.0,6223.0
Southeast Mo. St.,OVC,Low-Major,37.3175802,-89.5284899,North Frederick Street,,275.6,0.091,2,0.0422,21.26,224,224,0.5666666666666667,2025-26,2025-26-Southeast Mo. St.,Low-Major,9.1,50.86,0.0,311.8,1,2,4.22,39.93,29.17,0.0,43.42,35.31,26.88,11,28.57,10,1605.0,2126.0
Texas A&M,SEC,Power,30.6108618,-96.3520606,400,,46.4,0.625,34,0.5916,86.74,44,44,0.65625,2025-26,2025-26-Texas A&M,Power,62.5,98.86,5.25,27.9,10,34,59.16,100.0,100.0,89.24,66.93,100.0,90.7,1,100.0,1,628.0,8674.0
Purdue Fort Wayne,Horizon,Low-Major,41.1210815,-85.1057891,2101,,221.2,0.091,3,0.089,36.8,254,254,0.4827586206896552,2025-26,2025-26-Purdue Fort Wayne,Low-Major,9.1,63.71,0.09,241.9,1,3,8.9,79.2,29.17,100.0,65.36,100.0,64.12,1,100.0,3,3159.0,3680.0
Detroit Mercy,Horizon,Low-Major,42.4140319,-83.1378601,4001,,221.2,0.091,3,0.089,36.8,221,221,0.5,2025-26,2025-26-Detroit Mercy,Low-Major,9.1,63.71,0.09,241.9,1,3,8.9,79.2,29.17,100.0,65.36,100.0,64.12,1,100.0,3,3159.0,3680.0
New Mexico St.,CUSA,Low-Major,32.2729032,-106.7434927,1780,,188.7,0.083,4,0.0954,46.09,190,190,0.4482758620689655,2025-26,2025-26-New Mexico St.,Mid-Major,8.3,69.71,0.08,226.5,1,4,9.54,44.01,14.46,17.78,26.73,29.49,23.65,6,16.67,4,1094.0,4609.0
Saint Francis,NEC,Low-Major,40.5034672,-78.6382564,117,,304.0,0.1,4,0.1354,13.14,353,353,0.1724137931034483,2025-26,2025-26-Saint Francis,Low-Major,10.0,43.43,0.0,297.4,1,4,13.54,19.41,47.92,0.0,30.73,35.17,26.8,12,21.43,12,793.0,1314.0
Delaware,CUSA,Low-Major,39.6802837,-75.7530984,Academy Street,,188.7,0.083,4,0.0954,46.09,287,287,0.3333333333333333,2025-26,2025-26-Delaware,Mid-Major,8.3,69.71,0.08,226.5,1,4,9.54,44.01,14.46,17.78,26.73,29.49,23.65,6,16.67,4,1094.0,4609.0
Richmond,Atlantic 10,Mid-Major,37.5758797,-77.5412837,28,,132.2,0.143,5,0.0838,62.23,165,165,0.4516129032258064,2025-26,2025-26-Richmond,High-Major,14.3,91.43,0.93,120.9,2,5,8.38,60.33,38.15,23.85,38.48,53.05,39.08,3,33.33,2,828.0,6223.0
Missouri St.,CUSA,Low-Major,38.7086398,-90.3117145,Clearview Drive,,188.7,0.083,4,0.0954,46.09,206,206,0.4193548387096774,2025-26,2025-26-Missouri St.,Mid-Major,8.3,69.71,0.08,226.5,1,4,9.54,44.01,14.46,17.78,26.73,29.49,23.65,6,16.67,4,1094.0,4609.0
App State,Sun Belt,Low-Major,36.2120057,-81.6789456,287,,226.1,0.071,4,0.0804,35.4,192,192,0.5666666666666667,2025-26,2025-26-App State,Mid-Major,7.1,64.29,0.07,287.9,1,4,8.04,0.0,0.0,15.56,0.0,0.0,3.89,7,0.0,7,25.0,3540.0
George Mason,Atlantic 10,Mid-Major,38.8313333,-77.3079884,4400,,132.2,0.143,5,0.0838,62.23,92,92,0.7096774193548387,2025-26,2025-26-George Mason,High-Major,14.3,91.43,0.93,120.9,2,5,8.38,60.33,38.15,23.85,38.48,53.05,39.08,3,33.33,2,828.0,6223.0
ETSU,SoCon,Low-Major,36.3024236,-82.3692822,1276,,248.3,0.1,1,0.0222,29.06,139,139,0.65625,2025-26,2025-26-ETSU,Low-Major,10.0,60.29,0.0,291.6,1,1,2.22,59.64,47.92,0.0,59.52,59.15,40.6,7,57.14,7,2385.0,2906.0
UNI,MVC,Mid-Major,42.5149569,-92.4629522,1227,,141.1,0.091,5,0.1096,59.69,72,72,0.6470588235294118,2025-26,2025-26-UNI,Mid-Major,9.1,82.0,0.45,135.4,1,5,10.96,100.0,24.1,100.0,87.33,100.0,70.9,1,100.0,1,2454.0,5969.0
Fairfield,MAAC,Low-Major,41.1596757,-73.2574031,1073,,262.2,0.077,3,0.075,25.09,240,240,0.6060606060606061,2025-26,2025-26-Fairfield,Low-Major,7.7,48.57,0.0,313.5,1,3,7.5,49.61,0.0,0.0,39.51,19.58,17.82,14,7.14,9,1988.0,2509.0
Old Dominion,Sun Belt,Low-Major,36.8862699,-76.3097248,5115,,226.1,0.071,4,0.0804,35.4,255,255,0.34375,2025-26,2025-26-Old Dominion,Mid-Major,7.1,64.29,0.07,287.9,1,4,8.04,0.0,0.0,15.56,0.0,0.0,3.89,7,0.0,7,25.0,3540.0
Drake,MVC,Mid-Major,41.6030742,-93.6552753,29th Street,,141.1,0.091,5,0.1096,59.69,199,199,0.375,2025-26,2025-26-Drake,Mid-Major,9.1,82.0,0.45,135.4,1,5,10.96,100.0,24.1,100.0,87.33,100.0,70.9,1,100.0,1,2454.0,5969.0
North Carolina,ACC,Power,35.9050354,-79.0477533,Ray Road,,62.0,0.444,19,0.3154,82.29,24,24,0.75,2025-26,2025-26-North Carolina,Power,44.4,99.71,4.5,53.8,8,19,31.54,26.2,48.58,67.44,100.0,65.16,59.1,4,25.0,4,183.0,8229.0
Houston,Big 12,Power,29.7207902,-95.3440627,4800,,48.9,0.5,25,0.557,86.03,5,5,0.8235294117647058,2025-26,2025-26-Houston,Power,50.0,99.14,5.62,30.3,8,25,55.7,88.23,64.49,100.0,77.82,89.06,80.78,2,75.0,2,557.0,8603.0
Western Caro.,SoCon,Low-Major,35.3100146,-83.1990402,65,,248.3,0.1,1,0.0222,29.06,228,228,0.4482758620689655,2025-26,2025-26-Western Caro.,Low-Major,10.0,60.29,0.0,291.6,1,1,2.22,59.64,47.92,0.0,59.52,59.15,40.6,7,57.14,7,2385.0,2906.0
Ohio,MAC,Low-Major,39.3241782,-82.1015648,West Union Street,,200.5,0.154,3,0.057,42.71,231,231,0.4333333333333333,2025-26,2025-26-Ohio,Mid-Major,15.4,84.57,0.08,209.9,2,3,5.7,30.09,100.0,17.78,100.0,91.88,65.46,2,83.33,6,756.0,4271.0
Rice,American,Low-Major,29.7167915,-95.4047811,6100,,160.3,0.077,8,0.1528,54.2,243,243,0.3793103448275862,2025-26,2025-26-Rice,High-Major,7.7,87.14,0.62,135.8,1,8,15.28,0.0,0.0,0.0,0.0,0.0,0.0,4,0.0,4,25.0,5420.0
South Alabama,Sun Belt,Low-Major,30.6972412,-88.1892334,307,,226.1,0.071,4,0.0804,35.4,187,187,0.6333333333333333,2025-26,2025-26-South Alabama,Mid-Major,7.1,64.29,0.07,287.9,1,4,8.04,0.0,0.0,15.56,0.0,0.0,3.89,7,0.0,7,25.0,3540.0
UC San Diego,Big West,Low-Major,32.8792438,-117.2311247,San Diego,,192.0,0.091,1,0.025,45.14,124,124,0.65625,2025-26,2025-26-UC San Diego,Mid-Major,9.1,71.14,0.09,221.9,1,1,2.5,40.1,24.1,20.0,33.78,36.29,28.21,5,33.33,5,999.0,4514.0
Bucknell,Patriot,Low-Major,40.9515356,-76.8879603,Westbranch Highway,,280.7,0.1,5,0.1538,19.8,333,333,0.303030303030303,2025-26,2025-26-Bucknell,Low-Major,10.0,61.14,0.0,311.1,1,5,15.38,36.24,47.92,0.0,60.97,51.52,36.21,9,42.86,11,1459.0,1980.0
UNC Asheville,Big South,Low-Major,35.6171,-82.5663,Asheville,NC,236.7,0.111,3,0.085,32.37,239,239,0.4137931034482758,2025-26,2025-26-UNC Asheville,Low-Major,11.1,78.29,0.0,248.2,1,3,8.5,68.01,70.83,0.0,90.25,86.66,56.44,3,85.71,5,2716.0,3237.0
Pacific,WCC,Mid-Major,45.5226463,-123.1093187,2043,,137.4,0.25,9,0.241,60.74,116,116,0.5161290322580645,2025-26,2025-26-Pacific,High-Major,25.0,98.29,1.08,101.2,3,9,24.1,49.14,100.0,35.38,100.0,100.0,73.67,1,100.0,3,679.0,6074.0
Wyoming,Mountain West,Mid-Major,41.314986,-105.5643222,1000,,113.7,0.083,17,0.3812,67.51,99,99,0.5483870967741935,2025-26,2025-26-Wyoming,High-Major,8.3,92.57,1.92,87.8,1,17,38.12,100.0,3.47,100.0,48.7,75.95,55.95,2,66.67,1,1356.0,6751.0
Vermont,America East,Low-Major,44.4737365,-73.1941468,Colchester Avenue,,310.9,0.111,5,0.1314,11.17,227,227,0.625,2025-26,2025-26-Vermont,Low-Major,11.1,44.0,0.0,313.4,1,5,13.14,14.43,70.83,0.0,31.71,47.72,34.02,10,35.71,13,596.0,1117.0
Bethune-Cookman,SWAC,Low-Major,29.2118536,-81.0319825,640,,315.8,0.083,3,0.0908,9.77,261,261,0.5161290322580645,2025-26,2025-26-Bethune-Cookman,Low-Major,8.3,25.43,0.0,229.5,1,3,9.08,10.89,12.5,0.0,0.0,0.0,6.55,15,0.0,14,456.0,977.0
Santa Clara,WCC,Mid-Major,37.3486243,-121.936544,500,,137.4,0.25,9,0.241,60.74,40,40,0.7575757575757576,2025-26,2025-26-Santa Clara,High-Major,25.0,98.29,1.08,101.2,3,9,24.1,49.14,100.0,35.38,100.0,100.0,73.67,1,100.0,3,679.0,6074.0
Georgia Tech,ACC,Power,33.7760948,-84.3988077,North Avenue Turn Around,,62.0,0.444,19,0.3154,82.29,169,169,0.3548387096774194,2025-26,2025-26-Georgia Tech,Power,44.4,99.71,4.5,53.8,8,19,31.54,26.2,48.58,67.44,100.0,65.16,59.1,4,25.0,4,183.0,8229.0
Le Moyne,NEC,Low-Major,43.0451,-76.0824,Syracuse,NY,304.0,0.1,4,0.1354,13.14,290,290,0.4516129032258064,2025-26,2025-26-Le Moyne,Low-Major,10.0,43.43,0.0,297.4,1,4,13.54,19.41,47.92,0.0,30.73,35.17,26.8,12,21.43,12,793.0,1314.0
Charleston So.,Big South,Low-Major,36.1591665,-115.16161,University Medical Center,,236.7,0.111,3,0.085,32.37,242,242,0.4137931034482758,2025-26,2025-26-Charleston So.,Low-Major,11.1,78.29,0.0,248.2,1,3,8.5,68.01,70.83,0.0,90.25,86.66,56.44,3,85.71,5,2716.0,3237.0
Arizona,Big 12,Power,32.235681,-110.951744,North Olsen Avenue,,48.9,0.5,25,0.557,86.03,3,3,0.9411764705882352,2025-26,2025-26-Arizona,Power,50.0,99.14,5.62,30.3,8,25,55.7,88.23,64.49,100.0,77.82,89.06,80.78,2,75.0,2,557.0,8603.0
Central Mich.,MAC,Low-Major,43.58355,-84.7746308,1200,,200.5,0.154,3,0.057,42.71,280,280,0.2758620689655172,2025-26,2025-26-Central Mich.,Mid-Major,15.4,84.57,0.08,209.9,2,3,5.7,30.09,100.0,17.78,100.0,91.88,65.46,2,83.33,6,756.0,4271.0
Southeastern La.,Southland,Low-Major,30.5182254,-90.4688149,North Magnolia Street,,221.2,0.083,3,0.0802,36.8,295,295,0.2666666666666666,2025-26,2025-26-Southeastern La.,Low-Major,8.3,84.0,0.08,189.6,1,3,8.02,79.2,12.5,88.89,100.0,97.08,62.44,2,92.86,3,3159.0,3680.0
Norfolk St.,MEAC,Low-Major,40.7453073,-74.1829578,Central Avenue,,330.9,0.125,5,0.1414,5.46,318,318,0.3928571428571428,2025-26,2025-26-Norfolk St.,Low-Major,12.5,42.0,0.0,273.1,1,5,14.14,0.0,100.0,0.0,28.29,59.25,40.66,6,64.29,15,25.0,546.0
Oral Roberts,Summit League,Low-Major,36.0508252,-95.9521355,Billy Joe Daugherty Circle,,238.9,0.111,3,0.0786,31.74,311,311,0.2333333333333333,2025-26,2025-26-Oral Roberts,Low-Major,11.1,70.57,0.0,238.6,1,3,7.86,66.41,70.83,0.0,77.07,81.54,53.49,4,78.57,6,2653.0,3174.0
West Ga.,ASUN,Low-Major,33.5757,-85.0988,Carrollton,GA,259.9,0.083,4,0.0816,25.74,298,298,0.4333333333333333,2025-26,2025-26-West Ga.,Low-Major,8.3,53.14,0.0,236.8,1,4,8.16,51.25,12.5,0.0,47.31,30.47,24.09,13,14.29,8,2053.0,2574.0
Furman,SoCon,Low-Major,34.9257744,-82.4385258,3300,,248.3,0.1,1,0.0222,29.06,186,186,0.6129032258064516,2025-26,2025-26-Furman,Low-Major,10.0,60.29,0.0,291.6,1,1,2.22,59.64,47.92,0.0,59.52,59.15,40.6,7,57.14,7,2385.0,2906.0
Hawaii,Big West,Low-Major,21.2982795,-157.8186932,2500,,192.0,0.091,1,0.025,45.14,101,101,0.7333333333333333,2025-26,2025-26-Hawaii,Mid-Major,9.1,71.14,0.09,221.9,1,1,2.5,40.1,24.1,20.0,33.78,36.29,28.21,5,33.33,5,999.0,4514.0
UIW,Southland,Low-Major,29.4688466,-98.4691039,East Hildebrand Avenue,,221.2,0.083,3,0.0802,36.8,282,282,0.3214285714285714,2025-26,2025-26-UIW,Low-Major,8.3,84.0,0.08,189.6,1,3,8.02,79.2,12.5,88.89,100.0,97.08,62.44,2,92.86,3,3159.0,3680.0
Buffalo,MAC,Low-Major,42.9335571,-78.8845343,1300,,200.5,0.154,3,0.057,42.71,195,195,0.5,2025-26,2025-26-Buffalo,Mid-Major,15.4,84.57,0.08,209.9,2,3,5.7,30.09,100.0,17.78,100.0,91.88,65.46,2,83.33,6,756.0,4271.0
UT Arlington,WAC,Low-Major,32.7315155,-97.1171533,500,,181.4,0.143,2,0.045,48.17,161,161,0.5333333333333333,2025-26,2025-26-UT Arlington,Mid-Major,14.3,75.71,0.0,164.1,1,2,4.5,52.57,86.75,0.0,56.31,72.0,52.14,4,50.0,2,1302.0,4817.0
Youngstown St.,Horizon,Low-Major,28.5724126,-81.1855099,Alafaya Palms Manufactured Home Community,,221.2,0.091,3,0.089,36.8,219,219,0.4137931034482758,2025-26,2025-26-Youngstown St.,Low-Major,9.1,63.71,0.09,241.9,1,3,8.9,79.2,29.17,100.0,65.36,100.0,64.12,1,100.0,3,3159.0,3680.0
East Carolina,American,Low-Major,35.6328512,-77.4852672,1001,,160.3,0.077,8,0.1528,54.2,267,267,0.3333333333333333,2025-26,2025-26-East Carolina,High-Major,7.7,87.14,0.62,135.8,1,8,15.28,0.0,0.0,0.0,0.0,0.0,0.0,4,0.0,4,25.0,5420.0
Portland,WCC,Mid-Major,45.5118121,-122.686121,1825,,137.4,0.25,9,0.241,60.74,222,222,0.40625,2025-26,2025-26-Portland,High-Major,25.0,98.29,1.08,101.2,3,9,24.1,49.14,100.0,35.38,100.0,100.0,73.67,1,100.0,3,679.0,6074.0
East Texas A&M,Southland,Low-Major,33.2399911,-95.9182528,2200,,221.2,0.083,3,0.0802,36.8,304,304,0.3,2025-26,2025-26-East Texas A&M,Low-Major,8.3,84.0,0.08,189.6,1,3,8.02,79.2,12.5,88.89,100.0,97.08,62.44,2,92.86,3,3159.0,3680.0
South Dakota,Summit League,Low-Major,42.7913704,-96.9254235,414,,238.9,0.111,3,0.0786,31.74,284,284,0.4482758620689655,2025-26,2025-26-South Dakota,Low-Major,11.1,70.57,0.0,238.6,1,3,7.86,66.41,70.83,0.0,77.07,81.54,53.49,4,78.57,6,2653.0,3174.0
Presbyterian,Big South,Low-Major,34.4627505,-81.8671771,Liberty Street,,236.7,0.111,3,0.085,32.37,260,260,0.4,2025-26,2025-26-Presbyterian,Low-Major,11.1,78.29,0.0,248.2,1,3,8.5,68.01,70.83,0.0,90.25,86.66,56.44,3,85.71,5,2716.0,3237.0
Loyola Maryland,Patriot,Low-Major,39.3483538,-76.6159318,4501,,280.7,0.1,5,0.1538,19.8,328,328,0.3333333333333333,2025-26,2025-26-Loyola Maryland,Low-Major,10.0,61.14,0.0,311.1,1,5,15.38,36.24,47.92,0.0,60.97,51.52,36.21,9,42.86,11,1459.0,1980.0
Massachusetts,MAC,Low-Major,42.3582529,-71.0966272,Dr. Paul Dudley White Path,,200.5,0.154,3,0.057,42.71,201,201,0.5,2025-26,2025-26-Massachusetts,Mid-Major,15.4,84.57,0.08,209.9,2,3,5.7,30.09,100.0,17.78,100.0,91.88,65.46,2,83.33,6,756.0,4271.0
Utah St.,Mountain West,Mid-Major,41.7526959,-111.808733,2000 North,,113.7,0.083,17,0.3812,67.51,26,26,0.8181818181818182,2025-26,2025-26-Utah St.,High-Major,8.3,92.57,1.92,87.8,1,17,38.12,100.0,3.47,100.0,48.7,75.95,55.95,2,66.67,1,1356.0,6751.0
Stonehill,NEC,Low-Major,42.0599777,-71.0793257,320,,304.0,0.1,4,0.1354,13.14,332,332,0.3225806451612903,2025-26,2025-26-Stonehill,Low-Major,10.0,43.43,0.0,297.4,1,4,13.54,19.41,47.92,0.0,30.73,35.17,26.8,12,21.43,12,793.0,1314.0
Kent St.,MAC,Low-Major,41.1441814,-81.3398329,Haymaker Parkway,,200.5,0.154,3,0.057,42.71,140,140,0.7096774193548387,2025-26,2025-26-Kent St.,Mid-Major,15.4,84.57,0.08,209.9,2,3,5.7,30.09,100.0,17.78,100.0,91.88,65.46,2,83.33,6,756.0,4271.0
Clemson,ACC,Power,34.6686916,-82.8374348,West Queen Street,,62.0,0.444,19,0.3154,82.29,34,34,0.7058823529411765,2025-26,2025-26-Clemson,Power,44.4,99.71,4.5,53.8,8,19,31.54,26.2,48.58,67.44,100.0,65.16,59.1,4,25.0,4,183.0,8229.0
Alabama St.,SWAC,Low-Major,32.751254,-117.1425131,Egyptian Quarter,,315.8,0.083,3,0.0908,9.77,324,324,0.2903225806451613,2025-26,2025-26-Alabama St.,Low-Major,8.3,25.43,0.0,229.5,1,3,9.08,10.89,12.5,0.0,0.0,0.0,6.55,15,0.0,14,456.0,977.0
Northern Colo.,Big Sky,Low-Major,40.4028503,-104.7017242,501,,198.8,0.1,3,0.0708,43.2,150,150,0.5862068965517241,2025-26,2025-26-Northern Colo.,Low-Major,10.0,63.43,0.0,212.4,1,3,7.08,95.38,47.92,0.0,64.88,73.42,48.82,5,71.43,2,3799.0,4320.0
William & Mary,CAA,Low-Major,37.2690934,-76.7220509,Tennis Court,,192.4,0.077,3,0.0756,45.03,129,129,0.6,2025-26,2025-26-William & Mary,Low-Major,7.7,74.86,0.0,242.3,1,3,7.56,100.0,0.0,0.0,84.39,52.68,36.88,8,50.0,1,3982.0,4503.0
UIC,MVC,Mid-Major,41.8748613,-87.6519866,1200,,141.1,0.091,5,0.1096,59.69,110,110,0.53125,2025-26,2025-26-UIC,Mid-Major,9.1,82.0,0.45,135.4,1,5,10.96,100.0,24.1,100.0,87.33,100.0,70.9,1,100.0,1,2454.0,5969.0
Abilene Christian,WAC,Low-Major,32.4699728,-99.7073595,1600,,181.4,0.143,2,0.045,48.17,248,248,0.3666666666666666,2025-26,2025-26-Abilene Christian,Mid-Major,14.3,75.71,0.0,164.1,1,2,4.5,52.57,86.75,0.0,56.31,72.0,52.14,4,50.0,2,1302.0,4817.0
St. John's (NY),Big East,Power,40.7255421,-73.7919066,Union Turnpike,,67.5,0.273,19,0.487,80.71,15,15,0.8235294117647058,2025-26,2025-26-St. John's (NY),Power,27.3,97.14,2.18,66.5,3,19,48.7,0.0,0.0,0.0,0.0,0.0,0.0,5,0.0,5,25.0,8071.0
Western Ky.,CUSA,Low-Major,36.984529,-86.457647,1906,,188.7,0.083,4,0.0954,46.09,160,160,0.5333333333333333,2025-26,2025-26-Western Ky.,Mid-Major,8.3,69.71,0.08,226.5,1,4,9.54,44.01,14.46,17.78,26.73,29.49,23.65,6,16.67,4,1094.0,4609.0
Kennesaw St.,CUSA,Low-Major,28.5899425,-81.1743505,College Heights,,188.7,0.083,4,0.0954,46.09,155,155,0.5806451612903226,2025-26,2025-26-Kennesaw St.,Mid-Major,8.3,69.71,0.08,226.5,1,4,9.54,44.01,14.46,17.78,26.73,29.49,23.65,6,16.67,4,1094.0,4609.0
Delaware St.,MEAC,Low-Major,32.7609057,-117.1524807,University Heights,,330.9,0.125,5,0.1414,5.46,362,362,0.1851851851851851,2025-26,2025-26-Delaware St.,Low-Major,12.5,42.0,0.0,273.1,1,5,14.14,0.0,100.0,0.0,28.29,59.25,40.66,6,64.29,15,25.0,546.0
Niagara,MAAC,Low-Major,43.1366031,-79.0348892,Monteagle Trail,,262.2,0.077,3,0.075,25.09,341,341,0.2413793103448276,2025-26,2025-26-Niagara,Low-Major,7.7,48.57,0.0,313.5,1,3,7.5,49.61,0.0,0.0,39.51,19.58,17.82,14,7.14,9,1988.0,2509.0
Hofstra,CAA,Low-Major,40.7169083,-73.6000225,Belmont Place,,192.4,0.077,3,0.0756,45.03,88,88,0.6875,2025-26,2025-26-Hofstra,Low-Major,7.7,74.86,0.0,242.3,1,3,7.56,100.0,0.0,0.0,84.39,52.68,36.88,8,50.0,1,3982.0,4503.0
Florida A&M,SWAC,Low-Major,30.4227425,-84.2875987,1601,,315.8,0.083,3,0.0908,9.77,312,312,0.4482758620689655,2025-26,2025-26-Florida A&M,Low-Major,8.3,25.43,0.0,229.5,1,3,9.08,10.89,12.5,0.0,0.0,0.0,6.55,15,0.0,14,456.0,977.0
Montana St.,Big Sky,Low-Major,43.0348354,-76.1137823,University Neighborhood,,198.8,0.1,3,0.0708,43.2,128,128,0.5172413793103449,2025-26,2025-26-Montana St.,Low-Major,10.0,63.43,0.0,212.4,1,3,7.08,95.38,47.92,0.0,64.88,73.42,48.82,5,71.43,2,3799.0,4320.0
Arkansas St.,Sun Belt,Low-Major,35.8441163,-90.6726325,2105,,226.1,0.071,4,0.0804,35.4,154,154,0.6,2025-26,2025-26-Arkansas St.,Mid-Major,7.1,64.29,0.07,287.9,1,4,8.04,0.0,0.0,15.56,0.0,0.0,3.89,7,0.0,7,25.0,3540.0
Stony Brook,CAA,Low-Major,40.9090809,-73.1205518,100,,192.4,0.077,3,0.0756,45.03,232,232,0.5,2025-26,2025-26-Stony Brook,Low-Major,7.7,74.86,0.0,242.3,1,3,7.56,100.0,0.0,0.0,84.39,52.68,36.88,8,50.0,1,3982.0,4503.0
LIU,NEC,Low-Major,40.6911022,-73.9803965,1,,304.0,0.1,4,0.1354,13.14,198,198,0.7058823529411765,2025-26,2025-26-LIU,Low-Major,10.0,43.43,0.0,297.4,1,4,13.54,19.41,47.92,0.0,30.73,35.17,26.8,12,21.43,12,793.0,1314.0
Arizona St.,Big 12,Power,32.7637331,-117.1370956,University Heights,,48.9,0.5,25,0.557,86.03,73,73,0.5151515151515151,2025-26,2025-26-Arizona St.,Power,50.0,99.14,5.62,30.3,8,25,55.7,88.23,64.49,100.0,77.82,89.06,80.78,2,75.0,2,557.0,8603.0
Idaho St.,Big Sky,Low-Major,46.7278986,-117.1670076,Washington State University,,198.8,0.1,3,0.0708,43.2,236,236,0.3333333333333333,2025-26,2025-26-Idaho St.,Low-Major,10.0,63.43,0.0,212.4,1,3,7.08,95.38,47.92,0.0,64.88,73.42,48.82,5,71.43,2,3799.0,4320.0
UNC Greensboro,SoCon,Low-Major,36.0683549,-79.8105812,1400,,248.3,0.1,1,0.0222,29.06,292,292,0.40625,2025-26,2025-26-UNC Greensboro,Low-Major,10.0,60.29,0.0,291.6,1,1,2.22,59.64,47.92,0.0,59.52,59.15,40.6,7,57.14,7,2385.0,2906.0
Utah,Big 12,Power,40.7628137,-111.8368719,201,,48.9,0.5,25,0.557,86.03,132,132,0.3125,2025-26,2025-26-Utah,Power,50.0,99.14,5.62,30.3,8,25,55.7,88.23,64.49,100.0,77.82,89.06,80.78,2,75.0,2,557.0,8603.0
Lafayette,Patriot,Low-Major,40.6986698,-75.209255,730,,280.7,0.1,5,0.1538,19.8,323,323,0.3225806451612903,2025-26,2025-26-Lafayette,Low-Major,10.0,61.14,0.0,311.1,1,5,15.38,36.24,47.92,0.0,60.97,51.52,36.21,9,42.86,11,1459.0,1980.0
Drexel,CAA,Low-Major,39.9569305,-75.1899265,3141,,192.4,0.077,3,0.0756,45.03,212,212,0.5,2025-26,2025-26-Drexel,Low-Major,7.7,74.86,0.0,242.3,1,3,7.56,100.0,0.0,0.0,84.39,52.68,36.88,8,50.0,1,3982.0,4503.0
George Washington,Atlantic 10,Mid-Major,38.899865,-77.0474485,Ward 2,,132.2,0.143,5,0.0838,62.23,91,91,0.53125,2025-26,2025-26-George Washington,High-Major,14.3,91.43,0.93,120.9,2,5,8.38,60.33,38.15,23.85,38.48,53.05,39.08,3,33.33,2,828.0,6223.0
UTSA,American,Low-Major,29.583,-98.6197,San Antonio,TX,160.3,0.077,8,0.1528,54.2,344,344,0.1071428571428571,2025-26,2025-26-UTSA,High-Major,7.7,87.14,0.62,135.8,1,8,15.28,0.0,0.0,0.0,0.0,0.0,0.0,4,0.0,4,25.0,5420.0
North Ala.,ASUN,Low-Major,34.8075226,-87.6816129,1,,259.9,0.083,4,0.0816,25.74,338,338,0.25,2025-26,2025-26-North Ala.,Low-Major,8.3,53.14,0.0,236.8,1,4,8.16,51.25,12.5,0.0,47.31,30.47,24.09,13,14.29,8,2053.0,2574.0
South Fla.,American,Low-Major,28.0599999,-82.4138362,4202,,160.3,0.077,8,0.1528,54.2,45,45,0.7419354838709677,2025-26,2025-26-South Fla.,High-Major,7.7,87.14,0.62,135.8,1,8,15.28,0.0,0.0,0.0,0.0,0.0,0.0,4,0.0,4,25.0,5420.0
Brown,Ivy League,Low-Major,41.8186395,-71.4088009,Camp Street,,188.6,0.125,3,0.0822,46.11,296,296,0.28,2025-26,2025-26-Brown,Mid-Major,12.5,81.43,0.12,206.1,1,3,8.22,44.09,65.06,26.67,84.52,76.51,55.16,3,66.67,3,1096.0,4611.0
Idaho,Big Sky,Low-Major,46.7237978,-117.0206648,875,,198.8,0.1,3,0.0708,43.2,144,144,0.5625,2025-26,2025-26-Idaho,Low-Major,10.0,63.43,0.0,212.4,1,3,7.08,95.38,47.92,0.0,64.88,73.42,48.82,5,71.43,2,3799.0,4320.0
Ohio St.,Big Ten,Power,40.0056982,-83.0286573,281,,55.7,0.5,32,0.5892,84.09,29,29,0.6363636363636364,2025-26,2025-26-Ohio St.,Power,50.0,99.43,4.83,29.6,9,32,58.92,56.05,64.49,77.03,89.11,78.13,70.86,3,50.0,3,363.0,8409.0
Ga. Southern,Sun Belt,Low-Major,32.4279,-81.7842,Statesboro,GA,226.1,0.071,4,0.0804,35.4,220,220,0.5428571428571428,2025-26,2025-26-Ga. Southern,Mid-Major,7.1,64.29,0.07,287.9,1,4,8.04,0.0,0.0,15.56,0.0,0.0,3.89,7,0.0,7,25.0,3540.0
Indiana,Big Ten,Power,39.1802358,-86.5093526,Meadowood Connectors,,55.7,0.5,32,0.5892,84.09,41,41,0.5625,2025-26,2025-26-Indiana,Power,50.0,99.43,4.83,29.6,9,32,58.92,56.05,64.49,77.03,89.11,78.13,70.86,3,50.0,3,363.0,8409.0
Saint Joseph's,Atlantic 10,Mid-Major,39.9965297,-75.2415117,North 54th Street,,132.2,0.143,5,0.0838,62.23,121,121,0.6451612903225806,2025-26,2025-26-Saint Joseph's,High-Major,14.3,91.43,0.93,120.9,2,5,8.38,60.33,38.15,23.85,38.48,53.05,39.08,3,33.33,2,828.0,6223.0
Monmouth,CAA,Low-Major,40.2794106,-74.0068022,400,,192.4,0.077,3,0.0756,45.03,168,168,0.5454545454545454,2025-26,2025-26-Monmouth,Low-Major,7.7,74.86,0.0,242.3,1,3,7.56,100.0,0.0,0.0,84.39,52.68,36.88,8,50.0,1,3982.0,4503.0
Southern U.,SWAC,Low-Major,30.5258157,-91.194946,E Street,,315.8,0.083,3,0.0908,9.77,279,279,0.4516129032258064,2025-26,2025-26-Southern U.,Low-Major,8.3,25.43,0.0,229.5,1,3,9.08,10.89,12.5,0.0,0.0,0.0,6.55,15,0.0,14,456.0,977.0
Louisiana Tech,CUSA,Low-Major,32.5261061,-92.6481217,305,,188.7,0.083,4,0.0954,46.09,209,209,0.5483870967741935,2025-26,2025-26-Louisiana Tech,Mid-Major,8.3,69.71,0.08,226.5,1,4,9.54,44.01,14.46,17.78,26.73,29.49,23.65,6,16.67,4,1094.0,4609.0
Oklahoma St.,Big 12,Power,36.1748847,-95.9912576,University Park,,48.9,0.5,25,0.557,86.03,75,75,0.5757575757575758,2025-26,2025-26-Oklahoma St.,Power,50.0,99.14,5.62,30.3,8,25,55.7,88.23,64.49,100.0,77.82,89.06,80.78,2,75.0,2,557.0,8603.0
Portland St.,Big Sky,Low-Major,45.5161924,-122.6807637,620,,198.8,0.1,3,0.0708,43.2,146,146,0.6071428571428571,2025-26,2025-26-Portland St.,Low-Major,10.0,63.43,0.0,212.4,1,3,7.08,95.38,47.92,0.0,64.88,73.42,48.82,5,71.43,2,3799.0,4320.0
Seattle U,WCC,Mid-Major,47.6095043,-122.3187983,East Seneca Street,,137.4,0.25,9,0.241,60.74,122,122,0.5806451612903226,2025-26,2025-26-Seattle U,High-Major,25.0,98.29,1.08,101.2,3,9,24.1,49.14,100.0,35.38,100.0,100.0,73.67,1,100.0,3,679.0,6074.0
Butler,Big East,Power,39.8393056,-86.1703166,West 46th Street,,67.5,0.273,19,0.487,80.71,84,84,0.5,2025-26,2025-26-Butler,Power,27.3,97.14,2.18,66.5,3,19,48.7,0.0,0.0,0.0,0.0,0.0,0.0,5,0.0,5,25.0,8071.0
Lamar University,Southland,Low-Major,30.0388947,-94.0758929,4400,,221.2,0.083,3,0.0802,36.8,251,251,0.3448275862068966,2025-26,2025-26-Lamar University,Low-Major,8.3,84.0,0.08,189.6,1,3,8.02,79.2,12.5,88.89,100.0,97.08,62.44,2,92.86,3,3159.0,3680.0
Michigan St.,Big Ten,Power,42.7023794,-84.4803869,426,,55.7,0.5,32,0.5892,84.09,11,11,0.78125,2025-26,2025-26-Michigan St.,Power,50.0,99.43,4.83,29.6,9,32,58.92,56.05,64.49,77.03,89.11,78.13,70.86,3,50.0,3,363.0,8409.0
Longwood,Big South,Low-Major,37.3090314,-78.4016795,Georgia Street,,236.7,0.111,3,0.085,32.37,266,266,0.4482758620689655,2025-26,2025-26-Longwood,Low-Major,11.1,78.29,0.0,248.2,1,3,8.5,68.01,70.83,0.0,90.25,86.66,56.44,3,85.71,5,2716.0,3237.0
Mercer,SoCon,Low-Major,32.8289341,-83.6506702,Fall Line Freeway,,248.3,0.1,1,0.0222,29.06,182,182,0.5517241379310345,2025-26,2025-26-Mercer,Low-Major,10.0,60.29,0.0,291.6,1,1,2.22,59.64,47.92,0.0,59.52,59.15,40.6,7,57.14,7,2385.0,2906.0
Rhode Island,Atlantic 10,Mid-Major,41.8271038,-71.4063901,Providence County,,132.2,0.143,5,0.0838,62.23,151,151,0.5,2025-26,2025-26-Rhode Island,High-Major,14.3,91.43,0.93,120.9,2,5,8.38,60.33,38.15,23.85,38.48,53.05,39.08,3,33.33,2,828.0,6223.0
TCU,Big 12,Power,32.7080148,-97.3611939,West Berry Street,,48.9,0.5,25,0.557,86.03,39,39,0.6666666666666666,2025-26,2025-26-TCU,Power,50.0,99.14,5.62,30.3,8,25,55.7,88.23,64.49,100.0,77.82,89.06,80.78,2,75.0,2,557.0,8603.0
Denver,Summit League,Low-Major,39.6766157,-104.9623745,2199,,238.9,0.111,3,0.0786,31.74,241,241,0.4137931034482758,2025-26,2025-26-Denver,Low-Major,11.1,70.57,0.0,238.6,1,3,7.86,66.41,70.83,0.0,77.07,81.54,53.49,4,78.57,6,2653.0,3174.0
Eastern Ky.,ASUN,Low-Major,37.7341619,-84.3011984,Roy and Sue Kidd Drive,,259.9,0.083,4,0.0816,25.74,291,291,0.3,2025-26,2025-26-Eastern Ky.,Low-Major,8.3,53.14,0.0,236.8,1,4,8.16,51.25,12.5,0.0,47.31,30.47,24.09,13,14.29,8,2053.0,2574.0
McNeese,Southland,Low-Major,30.1751363,-93.2112786,Jefferson Drive,,221.2,0.083,3,0.0802,36.8,56,56,0.8387096774193549,2025-26,2025-26-McNeese,Low-Major,8.3,84.0,0.08,189.6,1,3,8.02,79.2,12.5,88.89,100.0,97.08,62.44,2,92.86,3,3159.0,3680.0
Cal Poly,Big West,Low-Major,34.0556686,-117.8239282,Pomona,,192.0,0.091,1,0.025,45.14,225,225,0.3870967741935484,2025-26,2025-26-Cal Poly,Mid-Major,9.1,71.14,0.09,221.9,1,1,2.5,40.1,24.1,20.0,33.78,36.29,28.21,5,33.33,5,999.0,4514.0
Charlotte,American,Low-Major,35.3064945,-80.7349705,9201,,160.3,0.077,8,0.1528,54.2,173,173,0.4848484848484848,2025-26,2025-26-Charlotte,High-Major,7.7,87.14,0.62,135.8,1,8,15.28,0.0,0.0,0.0,0.0,0.0,0.0,4,0.0,4,25.0,5420.0
Fresno St.,Mountain West,Mid-Major,36.8209963,-119.7372976,Fresno,,113.7,0.083,17,0.3812,67.51,153,153,0.3870967741935484,2025-26,2025-26-Fresno St.,High-Major,8.3,92.57,1.92,87.8,1,17,38.12,100.0,3.47,100.0,48.7,75.95,55.95,2,66.67,1,1356.0,6751.0
St. Bonaventure,Atlantic 10,Mid-Major,42.0767249,-78.4816526,Bonaventure Road,,132.2,0.143,5,0.0838,62.23,143,143,0.4848484848484848,2025-26,2025-26-St. Bonaventure,High-Major,14.3,91.43,0.93,120.9,2,5,8.38,60.33,38.15,23.85,38.48,53.05,39.08,3,33.33,2,828.0,6223.0
Western Mich.,MAC,Low-Major,42.2832928,-85.6102812,1903,,200.5,0.154,3,0.057,42.71,283,283,0.3103448275862069,2025-26,2025-26-Western Mich.,Mid-Major,15.4,84.57,0.08,209.9,2,3,5.7,30.09,100.0,17.78,100.0,91.88,65.46,2,83.33,6,756.0,4271.0
South Carolina St.,MEAC,Low-Major,33.9928841,-81.0268676,Huger Street,,330.9,0.125,5,0.1414,5.46,356,356,0.2666666666666666,2025-26,2025-26-South Carolina St.,Low-Major,12.5,42.0,0.0,273.1,1,5,14.14,0.0,100.0,0.0,28.29,59.25,40.66,6,64.29,15,25.0,546.0
Southern Miss.,Sun Belt,Low-Major,31.3286452,-89.3367312,118,,226.1,0.071,4,0.0804,35.4,214,214,0.5151515151515151,2025-26,2025-26-Southern Miss.,Mid-Major,7.1,64.29,0.07,287.9,1,4,8.04,0.0,0.0,15.56,0.0,0.0,3.89,7,0.0,7,25.0,3540.0
Louisiana,Sun Belt,Low-Major,30.4062005,-91.1854129,Iris Street,,226.1,0.071,4,0.0804,35.4,313,313,0.3333333333333333,2025-26,2025-26-Louisiana,Mid-Major,7.1,64.29,0.07,287.9,1,4,8.04,0.0,0.0,15.56,0.0,0.0,3.89,7,0.0,7,25.0,3540.0
Utah Valley,WAC,Low-Major,40.2794106,-111.7178868,800,,181.4,0.143,2,0.045,48.17,85,85,0.7333333333333333,2025-26,2025-26-Utah Valley,Mid-Major,14.3,75.71,0.0,164.1,1,2,4.5,52.57,86.75,0.0,56.31,72.0,52.14,4,50.0,2,1302.0,4817.0
Creighton,Big East,Power,41.2658566,-95.9450555,North 17th Street,,67.5,0.273,19,0.487,80.71,83,83,0.46875,2025-26,2025-26-Creighton,Power,27.3,97.14,2.18,66.5,3,19,48.7,0.0,0.0,0.0,0.0,0.0,0.0,5,0.0,5,25.0,8071.0
Tennessee Tech,OVC,Low-Major,36.1748736,-85.5089051,1,,275.6,0.091,2,0.0422,21.26,308,308,0.3571428571428571,2025-26,2025-26-Tennessee Tech,Low-Major,9.1,50.86,0.0,311.8,1,2,4.22,39.93,29.17,0.0,43.42,35.31,26.88,11,28.57,10,1605.0,2126.0
Wichita St.,American,Low-Major,29.7132371,-95.3507871,Oak Manor,,160.3,0.077,8,0.1528,54.2,74,74,0.6774193548387096,2025-26,2025-26-Wichita St.,High-Major,7.7,87.14,0.62,135.8,1,8,15.28,0.0,0.0,0.0,0.0,0.0,0.0,4,0.0,4,25.0,5420.0
Illinois,Big Ten,Power,40.0761545,-88.2233134,Champaign County,,55.7,0.5,32,0.5892,84.09,8,8,0.75,2025-26,2025-26-Illinois,Power,50.0,99.43,4.83,29.6,9,32,58.92,56.05,64.49,77.03,89.11,78.13,70.86,3,50.0,3,363.0,8409.0
Georgia St.,Sun Belt,Low-Major,32.7484304,-117.144992,Egyptian Quarter,,226.1,0.071,4,0.0804,35.4,307,307,0.2666666666666666,2025-26,2025-26-Georgia St.,Mid-Major,7.1,64.29,0.07,287.9,1,4,8.04,0.0,0.0,15.56,0.0,0.0,3.89,7,0.0,7,25.0,3540.0
Evansville,MVC,Mid-Major,37.9735131,-87.5322977,East Walnut Street,,141.1,0.091,5,0.1096,59.69,306,306,0.1666666666666666,2025-26,2025-26-Evansville,Mid-Major,9.1,82.0,0.45,135.4,1,5,10.96,100.0,24.1,100.0,87.33,100.0,70.9,1,100.0,1,2454.0,5969.0
Notre Dame,ACC,Power,41.7045678,-86.2382203,West Pokagon Street,,62.0,0.444,19,0.3154,82.29,94,94,0.4193548387096774,2025-26,2025-26-Notre Dame,Power,44.4,99.71,4.5,53.8,8,19,31.54,26.2,48.58,67.44,100.0,65.16,59.1,4,25.0,4,183.0,8229.0
Morehead St.,OVC,Low-Major,38.1867483,-83.4332396,Gevedon Place,,275.6,0.091,2,0.0422,21.26,264,264,0.5666666666666667,2025-26,2025-26-Morehead St.,Low-Major,9.1,50.86,0.0,311.8,1,2,4.22,39.93,29.17,0.0,43.42,35.31,26.88,11,28.57,10,1605.0,2126.0
Pittsburgh,ACC,Power,40.444153,-79.962461,4200,,62.0,0.444,19,0.3154,82.29,104,104,0.3939393939393939,2025-26,2025-26-Pittsburgh,Power,44.4,99.71,4.5,53.8,8,19,31.54,26.2,48.58,67.44,100.0,65.16,59.1,4,25.0,4,183.0,8229.0
Robert Morris,Horizon,Low-Major,40.5215586,-80.2115783,6001,,221.2,0.091,3,0.089,36.8,147,147,0.6451612903225806,2025-26,2025-26-Robert Morris,Low-Major,9.1,63.71,0.09,241.9,1,3,8.9,79.2,29.17,100.0,65.36,100.0,64.12,1,100.0,3,3159.0,3680.0
Belmont,MVC,Mid-Major,36.1327716,-86.7925822,Acklen Avenue,,141.1,0.091,5,0.1096,59.69,63,63,0.8064516129032258,2025-26,2025-26-Belmont,Mid-Major,9.1,82.0,0.45,135.4,1,5,10.96,100.0,24.1,100.0,87.33,100.0,70.9,1,100.0,1,2454.0,5969.0
UCLA,Big Ten,Power,34.0708777,-118.4468503,Los Angeles,,55.7,0.5,32,0.5892,84.09,31,31,0.6764705882352942,2025-26,2025-26-UCLA,Power,50.0,99.43,4.83,29.6,9,32,58.92,56.05,64.49,77.03,89.11,78.13,70.86,3,50.0,3,363.0,8409.0
Canisius,MAAC,Low-Major,42.9274386,-78.853529,Meech Street,,262.2,0.077,3,0.075,25.09,343,343,0.3,2025-26,2025-26-Canisius,Low-Major,7.7,48.57,0.0,313.5,1,3,7.5,49.61,0.0,0.0,39.51,19.58,17.82,14,7.14,9,1988.0,2509.0
Columbia,Ivy League,Low-Major,40.8077508,-73.9624901,Reunion Plaza,,188.6,0.125,3,0.0822,46.11,185,185,0.5384615384615384,2025-26,2025-26-Columbia,Mid-Major,12.5,81.43,0.12,206.1,1,3,8.22,44.09,65.06,26.67,84.52,76.51,55.16,3,66.67,3,1096.0,4611.0
Dayton,Atlantic 10,Mid-Major,39.7383807,-84.1791678,Rubicon Street,,132.2,0.143,5,0.0838,62.23,69,69,0.696969697,2025-26,2025-26-Dayton,High-Major,14.3,91.43,0.93,120.9,2,5,8.38,60.33,38.15,23.85,38.48,53.05,39.08,3,33.33,2,828.0,6223.0
Virginia Tech,ACC,Power,37.2219268,-80.4272818,800,,62.0,0.444,19,0.3154,82.29,55,55,0.59375,2025-26,2025-26-Virginia Tech,Power,44.4,99.71,4.5,53.8,8,19,31.54,26.2,48.58,67.44,100.0,65.16,59.1,4,25.0,4,183.0,8229.0
James Madison,Sun Belt,Low-Major,38.4364404,-78.8689648,800,,226.1,0.071,4,0.0804,35.4,208,208,0.53125,2025-26,2025-26-James Madison,Mid-Major,7.1,64.29,0.07,287.9,1,4,8.04,0.0,0.0,15.56,0.0,0.0,3.89,7,0.0,7,25.0,3540.0
Kansas,Big 12,Power,38.9535052,-95.263093,1450,,48.9,0.5,25,0.557,86.03,21,21,0.696969697,2025-26,2025-26-Kansas,Power,50.0,99.14,5.62,30.3,8,25,55.7,88.23,64.49,100.0,77.82,89.06,80.78,2,75.0,2,557.0,8603.0
Missouri,SEC,Power,38.9364147,-92.329703,Columbia,,46.4,0.625,34,0.5916,86.74,58,58,0.625,2025-26,2025-26-Missouri,Power,62.5,98.86,5.25,27.9,10,34,59.16,100.0,100.0,89.24,66.93,100.0,90.7,1,100.0,1,628.0,8674.0
Princeton,Ivy League,Low-Major,40.3386752,-74.6583655,Canal Pointe Boulevard,,188.6,0.125,3,0.0822,46.11,249,249,0.2857142857142857,2025-26,2025-26-Princeton,Mid-Major,12.5,81.43,0.12,206.1,1,3,8.22,44.09,65.06,26.67,84.52,76.51,55.16,3,66.67,3,1096.0,4611.0
SIUE,OVC,Low-Major,38.7941616,-90.0002789,1,,275.6,0.091,2,0.0422,21.26,259,259,0.5517241379310345,2025-26,2025-26-SIUE,Low-Major,9.1,50.86,0.0,311.8,1,2,4.22,39.93,29.17,0.0,43.42,35.31,26.88,11,28.57,10,1605.0,2126.0
Western Ill.,OVC,Low-Major,41.5139196,-90.492917,University Drive,,275.6,0.091,2,0.0422,21.26,364,364,0.071428571,2025-26,2025-26-Western Ill.,Low-Major,9.1,50.86,0.0,311.8,1,2,4.22,39.93,29.17,0.0,43.42,35.31,26.88,11,28.57,10,1605.0,2126.0
Milwaukee,Horizon,Low-Major,43.077639,-87.8819425,2200,,221.2,0.091,3,0.089,36.8,253,253,0.3548387096774194,2025-26,2025-26-Milwaukee,Low-Major,9.1,63.71,0.09,241.9,1,3,8.9,79.2,29.17,100.0,65.36,100.0,64.12,1,100.0,3,3159.0,3680.0
Southern Ind.,OVC,Low-Major,37.9584686,-87.6742032,8600,,275.6,0.091,2,0.0422,21.26,345,345,0.1785714285714285,2025-26,2025-26-Southern Ind.,Low-Major,9.1,50.86,0.0,311.8,1,2,4.22,39.93,29.17,0.0,43.42,35.31,26.88,11,28.57,10,1605.0,2126.0
Pepperdine,WCC,Mid-Major,34.1388191,-118.707359,26750,,137.4,0.25,9,0.241,60.74,274,274,0.2333333333333333,2025-26,2025-26-Pepperdine,High-Major,25.0,98.29,1.08,101.2,3,9,24.1,49.14,100.0,35.38,100.0,100.0,73.67,1,100.0,3,679.0,6074.0
San Diego St.,Mountain West,Mid-Major,32.7761529,-117.0733037,1,,113.7,0.083,17,0.3812,67.51,47,47,0.65625,2025-26,2025-26-San Diego St.,High-Major,8.3,92.57,1.92,87.8,1,17,38.12,100.0,3.47,100.0,48.7,75.95,55.95,2,66.67,1,1356.0,6751.0
St. Thomas (MN),Summit League,Low-Major,44.9421059,-93.1894522,Summit Avenue,,238.9,0.111,3,0.0786,31.74,103,103,0.7,2025-26,2025-26-St. Thomas (MN),Low-Major,11.1,70.57,0.0,238.6,1,3,7.86,66.41,70.83,0.0,77.07,81.54,53.49,4,78.57,6,2653.0,3174.0
Texas,SEC,Power,30.6108618,-96.3520606,400,,46.4,0.625,34,0.5916,86.74,42,42,0.5483870967741935,2025-26,2025-26-Texas,Power,62.5,98.86,5.25,27.9,10,34,59.16,100.0,100.0,89.24,66.93,100.0,90.7,1,100.0,1,628.0,8674.0
Jacksonville St.,CUSA,Low-Major,33.8154301,-85.7652896,115,,188.7,0.083,4,0.0954,46.09,216,216,0.4137931034482758,2025-26,2025-26-Jacksonville St.,Mid-Major,8.3,69.71,0.08,226.5,1,4,9.54,44.01,14.46,17.78,26.73,29.49,23.65,6,16.67,4,1094.0,4609.0
Radford,Big South,Low-Major,37.1370242,-80.5499612,801,,236.7,0.111,3,0.085,32.37,252,252,0.4482758620689655,2025-26,2025-26-Radford,Low-Major,11.1,78.29,0.0,248.2,1,3,8.5,68.01,70.83,0.0,90.25,86.66,56.44,3,85.71,5,2716.0,3237.0
Boston College,ACC,Power,42.3354481,-71.1682665,Glen Avenue Branch,,62.0,0.444,19,0.3154,82.29,158,158,0.3548387096774194,2025-26,2025-26-Boston College,Power,44.4,99.71,4.5,53.8,8,19,31.54,26.2,48.58,67.44,100.0,65.16,59.1,4,25.0,4,183.0,8229.0
Nebraska,Big Ten,Power,40.8205941,-96.7026058,North 10th Street,,55.7,0.5,32,0.5892,84.09,14,14,0.8125,2025-26,2025-26-Nebraska,Power,50.0,99.43,4.83,29.6,9,32,58.92,56.05,64.49,77.03,89.11,78.13,70.86,3,50.0,3,363.0,8409.0
Penn,Ivy League,Low-Major,39.9531483,-75.1845715,Chestnut Street,,188.6,0.125,3,0.0822,46.11,148,148,0.5925925925925926,2025-26,2025-26-Penn,Mid-Major,12.5,81.43,0.12,206.1,1,3,8.22,44.09,65.06,26.67,84.52,76.51,55.16,3,66.67,3,1096.0,4611.0
Middle Tenn.,CUSA,Low-Major,35.8486009,-86.3609036,1301,,188.7,0.083,4,0.0954,46.09,163,163,0.4827586206896552,2025-26,2025-26-Middle Tenn.,Mid-Major,8.3,69.71,0.08,226.5,1,4,9.54,44.01,14.46,17.78,26.73,29.49,23.65,6,16.67,4,1094.0,4609.0
Mississippi St.,SEC,Power,33.4827921,-88.7364691,14279,,46.4,0.625,34,0.5916,86.74,112,112,0.40625,2025-26,2025-26-Mississippi St.,Power,62.5,98.86,5.25,27.9,10,34,59.16,100.0,100.0,89.24,66.93,100.0,90.7,1,100.0,1,628.0,8674.0
Valparaiso,MVC,Mid-Major,41.4629628,-87.044689,Silhavy Road,,141.1,0.091,5,0.1096,59.69,156,156,0.53125,2025-26,2025-26-Valparaiso,Mid-Major,9.1,82.0,0.45,135.4,1,5,10.96,100.0,24.1,100.0,87.33,100.0,70.9,1,100.0,1,2454.0,5969.0
Marist,MAAC,Low-Major,41.722007,-73.9343836,3399,,262.2,0.077,3,0.075,25.09,181,181,0.6,2025-26,2025-26-Marist,Low-Major,7.7,48.57,0.0,313.5,1,3,7.5,49.61,0.0,0.0,39.51,19.58,17.82,14,7.14,9,1988.0,2509.0
New Haven,NEC,Low-Major,41.2909115,-72.9626379,Boston Post Road,,304.0,0.1,4,0.1354,13.14,325,325,0.3928571428571428,2025-26,2025-26-New Haven,Low-Major,10.0,43.43,0.0,297.4,1,4,13.54,19.41,47.92,0.0,30.73,35.17,26.8,12,21.43,12,793.0,1314.0
Gonzaga,WCC,Mid-Major,47.6671026,-117.4030546,502,,137.4,0.25,9,0.241,60.74,6,6,0.9090909090909092,2025-26,2025-26-Gonzaga,High-Major,25.0,98.29,1.08,101.2,3,9,24.1,49.14,100.0,35.38,100.0,100.0,73.67,1,100.0,3,679.0,6074.0
Arkansas,SEC,Power,36.0970389,-94.1703322,West Dinwiddlie Street,,46.4,0.625,34,0.5916,86.74,17,17,0.7575757575757576,2025-26,2025-26-Arkansas,Power,62.5,98.86,5.25,27.9,10,34,59.16,100.0,100.0,89.24,66.93,100.0,90.7,1,100.0,1,628.0,8674.0
Oklahoma,SEC,Power,35.1959878,-97.4457083,660,,46.4,0.625,34,0.5916,86.74,48,48,0.5588235294117647,2025-26,2025-26-Oklahoma,Power,62.5,98.86,5.25,27.9,10,34,59.16,100.0,100.0,89.24,66.93,100.0,90.7,1,100.0,1,628.0,8674.0
Iona,MAAC,Low-Major,40.9272305,-73.7856909,715;45,,262.2,0.077,3,0.075,25.09,237,237,0.5625,2025-26,2025-26-Iona,Low-Major,7.7,48.57,0.0,313.5,1,3,7.5,49.61,0.0,0.0,39.51,19.58,17.82,14,7.14,9,1988.0,2509.0
Alcorn,SWAC,Low-Major,31.8747584,-91.1386681,Willow Oak Lane,,315.8,0.083,3,0.0908,9.77,349,349,0.28125,2025-26,2025-26-Alcorn,Low-Major,8.3,25.43,0.0,229.5,1,3,9.08,10.89,12.5,0.0,0.0,0.0,6.55,15,0.0,14,456.0,977.0
FDU,NEC,Low-Major,40.8939339,-74.031982,Lone Pine Drive,,304.0,0.1,4,0.1354,13.14,334,334,0.2758620689655172,2025-26,2025-26-FDU,Low-Major,10.0,43.43,0.0,297.4,1,4,13.54,19.41,47.92,0.0,30.73,35.17,26.8,12,21.43,12,793.0,1314.0
Grambling,SWAC,Low-Major,32.5195028,-92.7211638,403,,315.8,0.083,3,0.0908,9.77,305,305,0.3870967741935484,2025-26,2025-26-Grambling,Low-Major,8.3,25.43,0.0,229.5,1,3,9.08,10.89,12.5,0.0,0.0,0.0,6.55,15,0.0,14,456.0,977.0
Loyola Chicago,Atlantic 10,Mid-Major,41.9991492,-87.6573094,1032,,132.2,0.143,5,0.0838,62.23,278,278,0.2727272727272727,2025-26,2025-26-Loyola Chicago,High-Major,14.3,91.43,0.93,120.9,2,5,8.38,60.33,38.15,23.85,38.48,53.05,39.08,3,33.33,2,828.0,6223.0
The Citadel,SoCon,Low-Major,32.7963982,-79.9611833,171,,248.3,0.1,1,0.0222,29.06,346,346,0.2666666666666666,2025-26,2025-26-The Citadel,Low-Major,10.0,60.29,0.0,291.6,1,1,2.22,59.64,47.92,0.0,59.52,59.15,40.6,7,57.14,7,2385.0,2906.0
SFA,Southland,Low-Major,31.628015,-94.6522154,2724,,221.2,0.083,3,0.0802,36.8,89,89,0.8387096774193549,2025-26,2025-26-SFA,Low-Major,8.3,84.0,0.08,189.6,1,3,8.02,79.2,12.5,88.89,100.0,97.08,62.44,2,92.86,3,3159.0,3680.0
Sacramento St.,Big Sky,Low-Major,37.8703678,-122.2813466,University Avenue,,198.8,0.1,3,0.0708,43.2,269,269,0.25,2025-26,2025-26-Sacramento St.,Low-Major,10.0,63.43,0.0,212.4,1,3,7.08,95.38,47.92,0.0,64.88,73.42,48.82,5,71.43,2,3799.0,4320.0
Towson,CAA,Low-Major,39.3869768,-76.6185804,8000,,192.4,0.077,3,0.0756,45.03,159,159,0.53125,2025-26,2025-26-Towson,Low-Major,7.7,74.86,0.0,242.3,1,3,7.56,100.0,0.0,0.0,84.39,52.68,36.88,8,50.0,1,3982.0,4503.0
Saint Peter's,MAAC,Low-Major,40.7276245,-74.0721679,Montgomery Street,,262.2,0.077,3,0.075,25.09,233,233,0.5714285714285714,2025-26,2025-26-Saint Peter's,Low-Major,7.7,48.57,0.0,313.5,1,3,7.5,49.61,0.0,0.0,39.51,19.58,17.82,14,7.14,9,1988.0,2509.0
Ole Miss,SEC,Power,34.3646125,-89.5396349,Hickory Lane,,46.4,0.625,34,0.5916,86.74,82,82,0.4285714285714285,2025-26,2025-26-Ole Miss,Power,62.5,98.86,5.25,27.9,10,34,59.16,100.0,100.0,89.24,66.93,100.0,90.7,1,100.0,1,628.0,8674.0
Utah Tech,WAC,Low-Major,37.1030099,-113.5653354,225,,181.4,0.143,2,0.045,48.17,176,176,0.5161290322580645,2025-26,2025-26-Utah Tech,Mid-Major,14.3,75.71,0.0,164.1,1,2,4.5,52.57,86.75,0.0,56.31,72.0,52.14,4,50.0,2,1302.0,4817.0
Yale,Ivy League,Low-Major,41.2571306,-72.9896696,West Haven,,188.6,0.125,3,0.0822,46.11,65,65,0.8148148148148148,2025-26,2025-26-Yale,Mid-Major,12.5,81.43,0.12,206.1,1,3,8.22,44.09,65.06,26.67,84.52,76.51,55.16,3,66.67,3,1096.0,4611.0
Ark.-Pine Bluff,SWAC,Low-Major,34.2510901,-92.0289102,John Kennedy Drive,,315.8,0.083,3,0.0908,9.77,316,316,0.3666666666666666,2025-26,2025-26-Ark.-Pine Bluff,Low-Major,8.3,25.43,0.0,229.5,1,3,9.08,10.89,12.5,0.0,0.0,0.0,6.55,15,0.0,14,456.0,977.0
UMBC,America East,Low-Major,39.252377,-76.7089181,1000,,310.9,0.111,5,0.1314,11.17,196,196,0.7333333333333333,2025-26,2025-26-UMBC,Low-Major,11.1,44.0,0.0,313.4,1,5,13.14,14.43,70.83,0.0,31.71,47.72,34.02,10,35.71,13,596.0,1117.0
FIU,CUSA,Low-Major,25.7553898,-80.3762833,11200,,188.7,0.083,4,0.0954,46.09,197,197,0.4137931034482758,2025-26,2025-26-FIU,Mid-Major,8.3,69.71,0.08,226.5,1,4,9.54,44.01,14.46,17.78,26.73,29.49,23.65,6,16.67,4,1094.0,4609.0
Georgetown,Big East,Power,38.9089393,-77.0745796,3700,,67.5,0.273,19,0.487,80.71,90,90,0.4705882352941176,2025-26,2025-26-Georgetown,Power,27.3,97.14,2.18,66.5,3,19,48.7,0.0,0.0,0.0,0.0,0.0,0.0,5,0.0,5,25.0,8071.0
Stanford,ACC,Power,37.4313138,-122.1693654,450,,62.0,0.444,19,0.3154,82.29,61,61,0.625,2025-26,2025-26-Stanford,Power,44.4,99.71,4.5,53.8,8,19,31.54,26.2,48.58,67.44,100.0,65.16,59.1,4,25.0,4,183.0,8229.0
Toledo,MAC,Low-Major,41.6582432,-83.6147873,2801,,200.5,0.154,3,0.057,42.71,130,130,0.53125,2025-26,2025-26-Toledo,Mid-Major,15.4,84.57,0.08,209.9,2,3,5.7,30.09,100.0,17.78,100.0,91.88,65.46,2,83.33,6,756.0,4271.0
Ball St.,MAC,Low-Major,40.2097296,-85.4112151,North Mann Avenue,,200.5,0.154,3,0.057,42.71,299,299,0.3448275862068966,2025-26,2025-26-Ball St.,Mid-Major,15.4,84.57,0.08,209.9,2,3,5.7,30.09,100.0,17.78,100.0,91.88,65.46,2,83.33,6,756.0,4271.0
Chicago St.,NEC,Low-Major,28.05541,-82.4273086,2770,,304.0,0.1,4,0.1354,13.14,340,340,0.1935483870967742,2025-26,2025-26-Chicago St.,Low-Major,10.0,43.43,0.0,297.4,1,4,13.54,19.41,47.92,0.0,30.73,35.17,26.8,12,21.43,12,793.0,1314.0
UNCW,CAA,Low-Major,34.2249827,-77.8690774,601,,192.4,0.077,3,0.0756,45.03,96,96,0.8,2025-26,2025-26-UNCW,Low-Major,7.7,74.86,0.0,242.3,1,3,7.56,100.0,0.0,0.0,84.39,52.68,36.88,8,50.0,1,3982.0,4503.0
Wright St.,Horizon,Low-Major,39.7842039,-84.0567799,3640,,221.2,0.091,3,0.089,36.8,127,127,0.65625,2025-26,2025-26-Wright St.,Low-Major,9.1,63.71,0.09,241.9,1,3,8.9,79.2,29.17,100.0,65.36,100.0,64.12,1,100.0,3,3159.0,3680.0
Troy,Sun Belt,Low-Major,31.8022234,-85.9556867,University Avenue,,226.1,0.071,4,0.0804,35.4,125,125,0.6451612903225806,2025-26,2025-26-Troy,Mid-Major,7.1,64.29,0.07,287.9,1,4,8.04,0.0,0.0,15.56,0.0,0.0,3.89,7,0.0,7,25.0,3540.0
NJIT,America East,Low-Major,40.7421254,-74.1790316,Sussex Avenue,,310.9,0.111,5,0.1314,11.17,327,327,0.46875,2025-26,2025-26-NJIT,Low-Major,11.1,44.0,0.0,313.4,1,5,13.14,14.43,70.83,0.0,31.71,47.72,34.02,10,35.71,13,596.0,1117.0
VMI,SoCon,Low-Major,37.7913339,-79.4355152,319,,248.3,0.1,1,0.0222,29.06,359,359,0.1034482758620689,2025-26,2025-26-VMI,Low-Major,10.0,60.29,0.0,291.6,1,1,2.22,59.64,47.92,0.0,59.52,59.15,40.6,7,57.14,7,2385.0,2906.0
Binghamton,America East,Low-Major,42.0877998,-75.9706607,4400,,310.9,0.111,5,0.1314,11.17,360,360,0.1785714285714285,2025-26,2025-26-Binghamton,Low-Major,11.1,44.0,0.0,313.4,1,5,13.14,14.43,70.83,0.0,31.71,47.72,34.02,10,35.71,13,596.0,1117.0
South Dakota St.,Summit League,Low-Major,44.344449,-96.7982371,Sunnyview Drive,,238.9,0.111,3,0.0786,31.74,210,210,0.3793103448275862,2025-26,2025-26-South Dakota St.,Low-Major,11.1,70.57,0.0,238.6,1,3,7.86,66.41,70.83,0.0,77.07,81.54,53.49,4,78.57,6,2653.0,3174.0
Harvard,Ivy League,Low-Major,42.3657432,-71.1222139,Channing Place,,188.6,0.125,3,0.0822,46.11,152,152,0.5714285714285714,2025-26,2025-26-Harvard,Mid-Major,12.5,81.43,0.12,206.1,1,3,8.22,44.09,65.06,26.67,84.52,76.51,55.16,3,66.67,3,1096.0,4611.0
UC Santa Barbara,Big West,Low-Major,34.4146025,-119.84581,Santa Barbara,,192.0,0.091,1,0.025,45.14,142,142,0.5333333333333333,2025-26,2025-26-UC Santa Barbara,Mid-Major,9.1,71.14,0.09,221.9,1,1,2.5,40.1,24.1,20.0,33.78,36.29,28.21,5,33.33,5,999.0,4514.0
Fla. Atlantic,American,Low-Major,26.3743445,-80.1027236,777,,160.3,0.077,8,0.1528,54.2,123,123,0.5161290322580645,2025-26,2025-26-Fla. Atlantic,High-Major,7.7,87.14,0.62,135.8,1,8,15.28,0.0,0.0,0.0,0.0,0.0,0.0,4,0.0,4,25.0,5420.0
Weber St.,Big Sky,Low-Major,41.1920906,-111.9391269,3848,,198.8,0.1,3,0.0708,43.2,202,202,0.4666666666666667,2025-26,2025-26-Weber St.,Low-Major,10.0,63.43,0.0,212.4,1,3,7.08,95.38,47.92,0.0,64.88,73.42,48.82,5,71.43,2,3799.0,4320.0
Boston U.,Patriot,Low-Major,42.3504215,-71.1032247,Short Street,,280.7,0.1,5,0.1538,19.8,263,263,0.4848484848484848,2025-26,2025-26-Boston U.,Low-Major,10.0,61.14,0.0,311.1,1,5,15.38,36.24,47.92,0.0,60.97,51.52,36.21,9,42.86,11,1459.0,1980.0
Wake Forest,ACC,Power,36.133893,-80.2755578,1834,,62.0,0.444,19,0.3154,82.29,67,67,0.5151515151515151,2025-26,2025-26-Wake Forest,Power,44.4,99.71,4.5,53.8,8,19,31.54,26.2,48.58,67.44,100.0,65.16,59.1,4,25.0,4,183.0,8229.0
West Virginia,Big 12,Power,39.6348398,-79.9542095,Cherry Lane,,48.9,0.5,25,0.557,86.03,59,59,0.5625,2025-26,2025-26-West Virginia,Power,50.0,99.14,5.62,30.3,8,25,55.7,88.23,64.49,100.0,77.82,89.06,80.78,2,75.0,2,557.0,8603.0
Central Ark.,ASUN,Low-Major,35.0776411,-92.4579926,201,,259.9,0.083,4,0.0816,25.74,166,166,0.625,2025-26,2025-26-Central Ark.,Low-Major,8.3,53.14,0.0,236.8,1,4,8.16,51.25,12.5,0.0,47.31,30.47,24.09,13,14.29,8,2053.0,2574.0
Jackson St.,SWAC,Low-Major,41.5531468,-87.3438448,University Park,,315.8,0.083,3,0.0908,9.77,347,347,0.3636363636363636,2025-26,2025-26-Jackson St.,Low-Major,8.3,25.43,0.0,229.5,1,3,9.08,10.89,12.5,0.0,0.0,0.0,6.55,15,0.0,14,456.0,977.0
Lehigh,Patriot,Low-Major,40.6068028,-75.3782488,Library Drive,,280.7,0.1,5,0.1538,19.8,275,275,0.5,2025-26,2025-26-Lehigh,Low-Major,10.0,61.14,0.0,311.1,1,5,15.38,36.24,47.92,0.0,60.97,51.52,36.21,9,42.86,11,1459.0,1980.0
USC Upstate,Big South,Low-Major,34.9525837,-81.9307048,160,,236.7,0.111,3,0.085,32.37,303,303,0.3448275862068966,2025-26,2025-26-USC Upstate,Low-Major,11.1,78.29,0.0,248.2,1,3,8.5,68.01,70.83,0.0,90.25,86.66,56.44,3,85.71,5,2716.0,3237.0
Cleveland St.,Horizon,Low-Major,34.7423781,-92.3448057,University Park,,221.2,0.091,3,0.089,36.8,317,317,0.2666666666666666,2025-26,2025-26-Cleveland St.,Low-Major,9.1,63.71,0.09,241.9,1,3,8.9,79.2,29.17,100.0,65.36,100.0,64.12,1,100.0,3,3159.0,3680.0
North Florida,ASUN,Low-Major,30.2689865,-81.5096561,1,,259.9,0.083,4,0.0816,25.74,337,337,0.1666666666666666,2025-26,2025-26-North Florida,Low-Major,8.3,53.14,0.0,236.8,1,4,8.16,51.25,12.5,0.0,47.31,30.47,24.09,13,14.29,8,2053.0,2574.0
Bowling Green,MAC,Low-Major,41.3795005,-83.629789,1001,,200.5,0.154,3,0.057,42.71,157,157,0.5172413793103449,2025-26,2025-26-Bowling Green,Mid-Major,15.4,84.57,0.08,209.9,2,3,5.7,30.09,100.0,17.78,100.0,91.88,65.46,2,83.33,6,756.0,4271.0
Bryant,America East,Low-Major,41.9220915,-71.5371517,1150,,310.9,0.111,5,0.1314,11.17,354,354,0.2413793103448276,2025-26,2025-26-Bryant,Low-Major,11.1,44.0,0.0,313.4,1,5,13.14,14.43,70.83,0.0,31.71,47.72,34.02,10,35.71,13,596.0,1117.0
Georgia,SEC,Power,33.9404278,-83.373049,South Milledge Drive,,46.4,0.625,34,0.5916,86.74,33,33,0.6875,2025-26,2025-26-Georgia,Power,62.5,98.86,5.25,27.9,10,34,59.16,100.0,100.0,89.24,66.93,100.0,90.7,1,100.0,1,628.0,8674.0
Villanova,Big East,Power,40.0367835,-75.3420185,East County Line Road,,67.5,0.273,19,0.487,80.71,35,35,0.75,2025-26,2025-26-Villanova,Power,27.3,97.14,2.18,66.5,3,19,48.7,0.0,0.0,0.0,0.0,0.0,0.0,5,0.0,5,25.0,8071.0
San Francisco,WCC,Mid-Major,37.7793627,-122.4514473,2130,,137.4,0.25,9,0.241,60.74,119,119,0.5,2025-26,2025-26-San Francisco,High-Major,25.0,98.29,1.08,101.2,3,9,24.1,49.14,100.0,35.38,100.0,100.0,73.67,1,100.0,3,679.0,6074.0
Nevada,Mountain West,Mid-Major,36.1079411,-115.1439051,Las Vegas,,113.7,0.083,17,0.3812,67.51,70,70,0.6470588235294118,2025-26,2025-26-Nevada,High-Major,8.3,92.57,1.92,87.8,1,17,38.12,100.0,3.47,100.0,48.7,75.95,55.95,2,66.67,1,1356.0,6751.0
American,Patriot,Low-Major,38.9377511,-77.0894676,4400,,280.7,0.1,5,0.1538,19.8,256,256,0.4666666666666667,2025-26,2025-26-American,Low-Major,10.0,61.14,0.0,311.1,1,5,15.38,36.24,47.92,0.0,60.97,51.52,36.21,9,42.86,11,1459.0,1980.0
Tarleton St.,WAC,Low-Major,32.214673,-98.2196882,1333,,181.4,0.143,2,0.045,48.17,230,230,0.3571428571428571,2025-26,2025-26-Tarleton St.,Mid-Major,14.3,75.71,0.0,164.1,1,2,4.5,52.57,86.75,0.0,56.31,72.0,52.14,4,50.0,2,1302.0,4817.0
Miami (FL),ACC,Power,25.7172725,-80.2787069,Miller Road,,62.0,0.444,19,0.3154,82.29,32,32,0.7575757575757576,2025-26,2025-26-Miami (FL),Power,44.4,99.71,4.5,53.8,8,19,31.54,26.2,48.58,67.44,100.0,65.16,59.1,4,25.0,4,183.0,8229.0
Northern Ky.,Horizon,Low-Major,39.0346853,-84.4659598,Grant Drive,,221.2,0.091,3,0.089,36.8,184,184,0.5483870967741935,2025-26,2025-26-Northern Ky.,Low-Major,9.1,63.71,0.09,241.9,1,3,8.9,79.2,29.17,100.0,65.36,100.0,64.12,1,100.0,3,3159.0,3680.0
Auburn,SEC,Power,32.5919529,-85.4959775,Auburn,,46.4,0.625,34,0.5916,86.74,38,38,0.5151515151515151,2025-26,2025-26-Auburn,Power,62.5,98.86,5.25,27.9,10,34,59.16,100.0,100.0,89.24,66.93,100.0,90.7,1,100.0,1,628.0,8674.0
Alabama A&M,SWAC,Low-Major,34.7842987,-86.5701304,4900,,315.8,0.083,3,0.0908,9.77,310,310,0.5,2025-26,2025-26-Alabama A&M,Low-Major,8.3,25.43,0.0,229.5,1,3,9.08,10.89,12.5,0.0,0.0,0.0,6.55,15,0.0,14,456.0,977.0
Campbell,CAA,Low-Major,35.408071,-78.7392468,143,,192.4,0.077,3,0.0756,45.03,200,200,0.4375,2025-26,2025-26-Campbell,Low-Major,7.7,74.86,0.0,242.3,1,3,7.56,100.0,0.0,0.0,84.39,52.68,36.88,8,50.0,1,3982.0,4503.0
Dartmouth,Ivy League,Low-Major,43.7046757,-72.2942089,I 91,,188.6,0.125,3,0.0822,46.11,265,265,0.36,2025-26,2025-26-Dartmouth,Mid-Major,12.5,81.43,0.12,206.1,1,3,8.22,44.09,65.06,26.67,84.52,76.51,55.16,3,66.67,3,1096.0,4611.0
Gardner-Webb,Big South,Low-Major,35.2478295,-81.670238,110,,236.7,0.111,3,0.085,32.37,361,361,0.066666667,2025-26,2025-26-Gardner-Webb,Low-Major,11.1,78.29,0.0,248.2,1,3,8.5,68.01,70.83,0.0,90.25,86.66,56.44,3,85.71,5,2716.0,3237.0
DePaul,Big East,Power,41.9245803,-87.6507223,2400,,67.5,0.273,19,0.487,80.71,102,102,0.5,2025-26,2025-26-DePaul,Power,27.3,97.14,2.18,66.5,3,19,48.7,0.0,0.0,0.0,0.0,0.0,0.0,5,0.0,5,25.0,8071.0
Jacksonville,ASUN,Low-Major,30.3537227,-81.6073061,Dolphin Drive,,259.9,0.083,4,0.0816,25.74,297,297,0.3333333333333333,2025-26,2025-26-Jacksonville,Low-Major,8.3,53.14,0.0,236.8,1,4,8.16,51.25,12.5,0.0,47.31,30.47,24.09,13,14.29,8,2053.0,2574.0
Northern Ariz.,Big Sky,Low-Major,35.1830867,-111.654961,West University Drive,,198.8,0.1,3,0.0708,43.2,315,315,0.2413793103448276,2025-26,2025-26-Northern Ariz.,Low-Major,10.0,63.43,0.0,212.4,1,3,7.08,95.38,47.92,0.0,64.88,73.42,48.82,5,71.43,2,3799.0,4320.0
Southern Utah,WAC,Low-Major,37.6748541,-113.0731048,351,,181.4,0.143,2,0.045,48.17,272,272,0.2413793103448276,2025-26,2025-26-Southern Utah,Mid-Major,14.3,75.71,0.0,164.1,1,2,4.5,52.57,86.75,0.0,56.31,72.0,52.14,4,50.0,2,1302.0,4817.0
Navy,Patriot,Low-Major,38.9819343,-76.4821709,121,,280.7,0.1,5,0.1538,19.8,136,136,0.7741935483870968,2025-26,2025-26-Navy,Low-Major,10.0,61.14,0.0,311.1,1,5,15.38,36.24,47.92,0.0,60.97,51.52,36.21,9,42.86,11,1459.0,1980.0
Kansas City,Summit League,Low-Major,39.1068471,-94.561009,1750,,238.9,0.111,3,0.0786,31.74,358,358,0.035714286,2025-26,2025-26-Kansas City,Low-Major,11.1,70.57,0.0,238.6,1,3,7.86,66.41,70.83,0.0,77.07,81.54,53.49,4,78.57,6,2653.0,3174.0
Boise St.,Mountain West,Mid-Major,43.6032821,-116.19941,West Rockney Street,,113.7,0.083,17,0.3812,67.51,60,60,0.6333333333333333,2025-26,2025-26-Boise St.,High-Major,8.3,92.57,1.92,87.8,1,17,38.12,100.0,3.47,100.0,48.7,75.95,55.95,2,66.67,1,1356.0,6751.0
Maine,America East,Low-Major,44.9015188,-68.6617222,168,,310.9,0.111,5,0.1314,11.17,339,339,0.2258064516129032,2025-26,2025-26-Maine,Low-Major,11.1,44.0,0.0,313.4,1,5,13.14,14.43,70.83,0.0,31.71,47.72,34.02,10,35.71,13,596.0,1117.0
Kansas St.,Big 12,Power,32.0033129,-102.0884082,Grafaland,,48.9,0.5,25,0.557,86.03,100,100,0.375,2025-26,2025-26-Kansas St.,Power,50.0,99.14,5.62,30.3,8,25,55.7,88.23,64.49,100.0,77.82,89.06,80.78,2,75.0,2,557.0,8603.0
Wofford,SoCon,Low-Major,34.9587,-81.9348,Spartanburg,SC,248.3,0.1,1,0.0222,29.06,245,245,0.5666666666666667,2025-26,2025-26-Wofford,Low-Major,10.0,60.29,0.0,291.6,1,1,2.22,59.64,47.92,0.0,59.52,59.15,40.6,7,57.14,7,2385.0,2906.0
Army West Point,Patriot,Low-Major,41.3926455,-73.9599242,845,,280.7,0.1,5,0.1538,19.8,336,336,0.3,2025-26,2025-26-Army West Point,Low-Major,10.0,61.14,0.0,311.1,1,5,15.38,36.24,47.92,0.0,60.97,51.52,36.21,9,42.86,11,1459.0,1980.0
South Carolina,SEC,Power,33.9928841,-81.0268676,Assembly Street,,46.4,0.625,34,0.5916,86.74,108,108,0.40625,2025-26,2025-26-South Carolina,Power,62.5,98.86,5.25,27.9,10,34,59.16,100.0,100.0,89.24,66.93,100.0,90.7,1,100.0,1,628.0,8674.0
SMU,ACC,Power,32.8418011,-96.7815281,6425,,62.0,0.444,19,0.3154,82.29,37,37,0.6060606060606061,2025-26,2025-26-SMU,Power,44.4,99.71,4.5,53.8,8,19,31.54,26.2,48.58,67.44,100.0,65.16,59.1,4,25.0,4,183.0,8229.0
Austin Peay,ASUN,Low-Major,36.5342965,-87.3543085,601,,259.9,0.083,4,0.0816,25.74,164,164,0.6896551724137931,2025-26,2025-26-Austin Peay,Low-Major,8.3,53.14,0.0,236.8,1,4,8.16,51.25,12.5,0.0,47.31,30.47,24.09,13,14.29,8,2053.0,2574.0
Marquette,Big East,Power,43.0374344,-87.9294774,1250,,67.5,0.273,19,0.487,80.71,93,93,0.375,2025-26,2025-26-Marquette,Power,27.3,97.14,2.18,66.5,3,19,48.7,0.0,0.0,0.0,0.0,0.0,0.0,5,0.0,5,25.0,8071.0
Mount St. Mary's,MAAC,Low-Major,39.6805605,-77.3465509,16300,,262.2,0.077,3,0.075,25.09,281,281,0.4516129032258064,2025-26,2025-26-Mount St. Mary's,Low-Major,7.7,48.57,0.0,313.5,1,3,7.5,49.61,0.0,0.0,39.51,19.58,17.82,14,7.14,9,1988.0,2509.0
